ID_usuario,Data_conta,Consumo_mensal_kWh,Variação_do_consumo,Média_consumo,Consumo_total_acumulado,Categoria,Num_moradores,Renda,Localização,Mês,Consumo_Anterior,Variação_do_consumo_prevista
1,2023-01-01,380,-2,380.0,380,Apartamento,4,7000,RS,1,382,Diminuição
1,2023-01-31,402,22,391.0,782,Apartamento,5,5000,RS,2,380,Aumento
1,2023-03-02,404,2,395.33,1186,Comércio,4,2000,RS,3,402,Aumento
1,2023-04-01,411,7,399.25,1597,Casa,2,7000,RJ,4,404,Aumento
1,2023-05-01,430,19,405.4,2027,Comércio,4,7000,MG,5,411,Aumento
2,2023-01-01,364,-7,364.0,364,Apartamento,3,7000,RJ,1,371,Diminuição
2,2023-01-31,387,23,375.5,751,Casa,3,7000,RJ,2,364,Aumento
2,2023-03-02,410,23,387.0,1161,Apartamento,3,7000,BA,3,387,Aumento
2,2023-04-01,424,14,396.25,1585,Apartamento,1,4000,BA,4,410,Aumento
2,2023-05-01,431,7,403.2,2016,Apartamento,4,4000,BA,5,424,Aumento
3,2023-01-01,226,-6,226.0,226,Apartamento,5,3000,RS,1,232,Diminuição
3,2023-01-31,253,27,239.5,479,Comércio,3,7000,SP,2,226,Aumento
3,2023-03-02,280,27,253.0,759,Apartamento,2,3000,SP,3,253,Aumento
3,2023-04-01,263,-17,255.5,1022,Comércio,4,4000,MG,4,280,Diminuição
3,2023-05-01,287,24,261.8,1309,Casa,4,7000,BA,5,263,Aumento
4,2023-01-01,248,-12,248.0,248,Casa,2,5000,BA,1,260,Diminuição
4,2023-01-31,277,29,262.5,525,Casa,2,3000,PR,2,248,Aumento
4,2023-03-02,285,8,270.0,810,Comércio,1,3000,MG,3,277,Aumento
4,2023-04-01,267,-18,269.25,1077,Casa,2,3000,SP,4,285,Diminuição
4,2023-05-01,266,-1,268.6,1343,Casa,1,2000,RJ,5,267,Diminuição
5,2023-01-01,372,-5,372.0,372,Comércio,3,5000,PR,1,377,Diminuição
5,2023-01-31,367,-5,369.5,739,Casa,3,2000,PR,2,372,Diminuição
5,2023-03-02,382,15,373.67,1121,Casa,3,6000,RJ,3,367,Aumento
5,2023-04-01,382,0,375.75,1503,Apartamento,1,7000,BA,4,382,Diminuição
5,2023-05-01,374,-8,375.4,1877,Casa,4,5000,PR,5,382,Diminuição
6,2023-01-01,338,-8,338.0,338,Comércio,3,3000,RJ,1,346,Diminuição
6,2023-01-31,343,5,340.5,681,Comércio,1,7000,MG,2,338,Aumento
6,2023-03-02,372,29,351.0,1053,Comércio,4,2000,MG,3,343,Aumento
6,2023-04-01,359,-13,353.0,1412,Casa,1,5000,SP,4,372,Diminuição
6,2023-05-01,339,-20,350.2,1751,Comércio,4,6000,SP,5,359,Diminuição
7,2023-01-01,284,-7,284.0,284,Apartamento,2,3000,MG,1,291,Diminuição
7,2023-01-31,311,27,297.5,595,Comércio,2,2000,RJ,2,284,Aumento
7,2023-03-02,302,-9,299.0,897,Comércio,1,5000,RJ,3,311,Diminuição
7,2023-04-01,295,-7,298.0,1192,Comércio,3,6000,BA,4,302,Diminuição
7,2023-05-01,324,29,303.2,1516,Comércio,4,4000,PR,5,295,Aumento
8,2023-01-01,206,-6,206.0,206,Comércio,3,7000,RJ,1,212,Diminuição
8,2023-01-31,200,-6,203.0,406,Apartamento,3,7000,BA,2,206,Diminuição
8,2023-03-02,204,4,203.33,610,Casa,3,4000,BA,3,200,Aumento
8,2023-04-01,200,-4,202.5,810,Comércio,2,6000,MG,4,204,Diminuição
8,2023-05-01,200,0,202.0,1010,Casa,3,4000,RJ,5,200,Diminuição
9,2023-01-01,388,17,388.0,388,Casa,1,6000,RS,1,371,Aumento
9,2023-01-31,375,-13,381.5,763,Casa,5,7000,RS,2,388,Diminuição
9,2023-03-02,364,-11,375.67,1127,Casa,4,2000,BA,3,375,Diminuição
9,2023-04-01,394,30,380.25,1521,Apartamento,4,4000,MG,4,364,Aumento
9,2023-05-01,397,3,383.6,1918,Apartamento,5,5000,PR,5,394,Aumento
10,2023-01-01,314,-16,314.0,314,Casa,2,5000,MG,1,330,Diminuição
10,2023-01-31,328,14,321.0,642,Apartamento,1,6000,RJ,2,314,Aumento
10,2023-03-02,345,17,329.0,987,Casa,5,2000,PR,3,328,Aumento
10,2023-04-01,365,20,338.0,1352,Comércio,5,7000,MG,4,345,Aumento
10,2023-05-01,354,-11,341.2,1706,Casa,4,4000,MG,5,365,Diminuição
11,2023-01-01,264,-13,264.0,264,Comércio,4,5000,PR,1,277,Diminuição
11,2023-01-31,278,14,271.0,542,Apartamento,2,6000,SP,2,264,Aumento
11,2023-03-02,294,16,278.67,836,Casa,3,2000,RS,3,278,Aumento
11,2023-04-01,280,-14,279.0,1116,Comércio,3,5000,RJ,4,294,Diminuição
11,2023-05-01,276,-4,278.4,1392,Comércio,5,7000,SP,5,280,Diminuição
12,2023-01-01,200,-4,200.0,200,Comércio,3,2000,MG,1,204,Diminuição
12,2023-01-31,226,26,213.0,426,Apartamento,3,2000,RS,2,200,Aumento
12,2023-03-02,252,26,226.0,678,Apartamento,1,7000,MG,3,226,Aumento
12,2023-04-01,233,-19,227.75,911,Casa,5,5000,SP,4,252,Diminuição
12,2023-05-01,259,26,234.0,1170,Apartamento,2,2000,SP,5,233,Aumento
13,2023-01-01,236,-4,236.0,236,Comércio,3,3000,MG,1,240,Diminuição
13,2023-01-31,224,-12,230.0,460,Casa,1,4000,MG,2,236,Diminuição
13,2023-03-02,250,26,236.67,710,Comércio,5,7000,RS,3,224,Aumento
13,2023-04-01,268,18,244.5,978,Apartamento,3,5000,BA,4,250,Aumento
13,2023-05-01,249,-19,245.4,1227,Apartamento,3,3000,PR,5,268,Diminuição
14,2023-01-01,323,19,323.0,323,Apartamento,5,2000,PR,1,304,Aumento
14,2023-01-31,319,-4,321.0,642,Casa,3,3000,SP,2,323,Diminuição
14,2023-03-02,326,7,322.67,968,Comércio,4,3000,SP,3,319,Aumento
14,2023-04-01,314,-12,320.5,1282,Comércio,2,2000,RJ,4,326,Diminuição
14,2023-05-01,305,-9,317.4,1587,Casa,3,5000,RS,5,314,Diminuição
15,2023-01-01,393,13,393.0,393,Apartamento,1,7000,BA,1,380,Aumento
15,2023-01-31,398,5,395.5,791,Casa,2,6000,BA,2,393,Aumento
15,2023-03-02,416,18,402.33,1207,Apartamento,2,5000,RS,3,398,Aumento
15,2023-04-01,405,-11,403.0,1612,Casa,4,4000,SP,4,416,Diminuição
15,2023-05-01,397,-8,401.8,2009,Comércio,5,3000,BA,5,405,Diminuição
16,2023-01-01,307,-15,307.0,307,Comércio,4,4000,RS,1,322,Diminuição
16,2023-01-31,325,18,316.0,632,Casa,1,7000,SP,2,307,Aumento
16,2023-03-02,307,-18,313.0,939,Comércio,3,2000,SP,3,325,Diminuição
16,2023-04-01,316,9,313.75,1255,Casa,4,2000,MG,4,307,Aumento
16,2023-05-01,320,4,315.0,1575,Apartamento,4,4000,RJ,5,316,Aumento
17,2023-01-01,249,8,249.0,249,Casa,5,3000,PR,1,241,Aumento
17,2023-01-31,274,25,261.5,523,Casa,2,4000,SP,2,249,Aumento
17,2023-03-02,284,10,269.0,807,Comércio,3,4000,BA,3,274,Aumento
17,2023-04-01,298,14,276.25,1105,Casa,4,3000,RJ,4,284,Aumento
17,2023-05-01,314,16,283.8,1419,Apartamento,5,5000,MG,5,298,Aumento
18,2023-01-01,392,-6,392.0,392,Apartamento,4,3000,SP,1,398,Diminuição
18,2023-01-31,409,17,400.5,801,Comércio,4,6000,RJ,2,392,Aumento
18,2023-03-02,411,2,404.0,1212,Comércio,4,2000,BA,3,409,Aumento
18,2023-04-01,436,25,412.0,1648,Comércio,1,2000,PR,4,411,Aumento
18,2023-05-01,464,28,422.4,2112,Comércio,1,2000,SP,5,436,Aumento
19,2023-01-01,357,13,357.0,357,Comércio,5,7000,RJ,1,344,Aumento
19,2023-01-31,376,19,366.5,733,Comércio,5,4000,MG,2,357,Aumento
19,2023-03-02,386,10,373.0,1119,Casa,3,5000,RJ,3,376,Aumento
19,2023-04-01,410,24,382.25,1529,Casa,1,3000,PR,4,386,Aumento
19,2023-05-01,393,-17,384.4,1922,Casa,1,6000,MG,5,410,Diminuição
20,2023-01-01,409,18,409.0,409,Comércio,2,6000,SP,1,391,Aumento
20,2023-01-31,395,-14,402.0,804,Comércio,3,4000,SP,2,409,Diminuição
20,2023-03-02,425,30,409.67,1229,Comércio,4,2000,SP,3,395,Aumento
20,2023-04-01,423,-2,413.0,1652,Apartamento,3,2000,RS,4,425,Diminuição
20,2023-05-01,404,-19,411.2,2056,Apartamento,5,7000,RS,5,423,Diminuição
21,2023-01-01,276,10,276.0,276,Apartamento,1,7000,BA,1,266,Aumento
21,2023-01-31,280,4,278.0,556,Casa,1,7000,RJ,2,276,Aumento
21,2023-03-02,283,3,279.67,839,Comércio,4,4000,RJ,3,280,Aumento
21,2023-04-01,288,5,281.75,1127,Casa,5,5000,RS,4,283,Aumento
21,2023-05-01,276,-12,280.6,1403,Apartamento,1,3000,SP,5,288,Diminuição
22,2023-01-01,236,14,236.0,236,Apartamento,4,6000,PR,1,222,Aumento
22,2023-01-31,262,26,249.0,498,Casa,4,7000,MG,2,236,Aumento
22,2023-03-02,245,-17,247.67,743,Comércio,1,5000,BA,3,262,Diminuição
22,2023-04-01,255,10,249.5,998,Comércio,3,4000,BA,4,245,Aumento
22,2023-05-01,265,10,252.6,1263,Apartamento,4,6000,RS,5,255,Aumento
23,2023-01-01,222,-9,222.0,222,Casa,4,7000,RS,1,231,Diminuição
23,2023-01-31,209,-13,215.5,431,Casa,1,6000,MG,2,222,Diminuição
23,2023-03-02,200,-9,210.33,631,Casa,5,5000,PR,3,209,Diminuição
23,2023-04-01,212,12,210.75,843,Apartamento,1,6000,MG,4,200,Aumento
23,2023-05-01,215,3,211.6,1058,Casa,3,2000,PR,5,212,Aumento
24,2023-01-01,378,-13,378.0,378,Apartamento,4,4000,BA,1,391,Diminuição
24,2023-01-31,371,-7,374.5,749,Comércio,5,2000,PR,2,378,Diminuição
24,2023-03-02,380,9,376.33,1129,Apartamento,4,3000,MG,3,371,Aumento
24,2023-04-01,379,-1,377.0,1508,Apartamento,4,5000,MG,4,380,Diminuição
24,2023-05-01,363,-16,374.2,1871,Comércio,3,6000,PR,5,379,Diminuição
25,2023-01-01,241,-19,241.0,241,Comércio,4,7000,BA,1,260,Diminuição
25,2023-01-31,238,-3,239.5,479,Comércio,1,2000,RS,2,241,Diminuição
25,2023-03-02,255,17,244.67,734,Casa,4,4000,BA,3,238,Aumento
25,2023-04-01,262,7,249.0,996,Casa,5,2000,RJ,4,255,Aumento
25,2023-05-01,251,-11,249.4,1247,Casa,3,6000,RS,5,262,Diminuição
26,2023-01-01,325,-9,325.0,325,Apartamento,3,4000,PR,1,334,Diminuição
26,2023-01-31,305,-20,315.0,630,Casa,1,6000,PR,2,325,Diminuição
26,2023-03-02,300,-5,310.0,930,Comércio,1,5000,MG,3,305,Diminuição
26,2023-04-01,311,11,310.25,1241,Apartamento,2,7000,PR,4,300,Aumento
26,2023-05-01,331,20,314.4,1572,Casa,5,5000,MG,5,311,Aumento
27,2023-01-01,379,15,379.0,379,Casa,4,7000,SP,1,364,Aumento
27,2023-01-31,383,4,381.0,762,Comércio,3,3000,BA,2,379,Aumento
27,2023-03-02,387,4,383.0,1149,Casa,5,2000,RS,3,383,Aumento
27,2023-04-01,409,22,389.5,1558,Comércio,3,3000,MG,4,387,Aumento
27,2023-05-01,396,-13,390.8,1954,Casa,3,5000,RS,5,409,Diminuição
28,2023-01-01,301,18,301.0,301,Apartamento,1,6000,RJ,1,283,Aumento
28,2023-01-31,304,3,302.5,605,Casa,1,3000,BA,2,301,Aumento
28,2023-03-02,316,12,307.0,921,Comércio,3,3000,PR,3,304,Aumento
28,2023-04-01,316,0,309.25,1237,Casa,3,6000,MG,4,316,Diminuição
28,2023-05-01,322,6,311.8,1559,Comércio,4,4000,RS,5,316,Aumento
29,2023-01-01,321,7,321.0,321,Apartamento,3,4000,MG,1,314,Aumento
29,2023-01-31,336,15,328.5,657,Casa,2,6000,MG,2,321,Aumento
29,2023-03-02,318,-18,325.0,975,Apartamento,5,2000,BA,3,336,Diminuição
29,2023-04-01,306,-12,320.25,1281,Apartamento,2,7000,PR,4,318,Diminuição
29,2023-05-01,311,5,318.4,1592,Comércio,2,2000,BA,5,306,Aumento
30,2023-01-01,305,15,305.0,305,Casa,5,2000,RS,1,290,Aumento
30,2023-01-31,327,22,316.0,632,Comércio,1,6000,SP,2,305,Aumento
30,2023-03-02,321,-6,317.67,953,Casa,5,4000,SP,3,327,Diminuição
30,2023-04-01,325,4,319.5,1278,Comércio,5,3000,RJ,4,321,Aumento
30,2023-05-01,322,-3,320.0,1600,Comércio,1,6000,MG,5,325,Diminuição
31,2023-01-01,303,10,303.0,303,Apartamento,3,5000,RS,1,293,Aumento
31,2023-01-31,286,-17,294.5,589,Apartamento,5,4000,RJ,2,303,Diminuição
31,2023-03-02,310,24,299.67,899,Casa,2,5000,RJ,3,286,Aumento
31,2023-04-01,307,-3,301.5,1206,Casa,5,5000,SP,4,310,Diminuição
31,2023-05-01,319,12,305.0,1525,Casa,4,5000,SP,5,307,Aumento
32,2023-01-01,344,-20,344.0,344,Casa,4,7000,BA,1,364,Diminuição
32,2023-01-31,333,-11,338.5,677,Casa,1,7000,RS,2,344,Diminuição
32,2023-03-02,317,-16,331.33,994,Comércio,4,7000,RJ,3,333,Diminuição
32,2023-04-01,329,12,330.75,1323,Casa,2,6000,MG,4,317,Aumento
32,2023-05-01,311,-18,326.8,1634,Casa,3,2000,RJ,5,329,Diminuição
33,2023-01-01,327,16,327.0,327,Comércio,2,2000,RJ,1,311,Aumento
33,2023-01-31,331,4,329.0,658,Comércio,5,7000,RS,2,327,Aumento
33,2023-03-02,342,11,333.33,1000,Comércio,1,4000,PR,3,331,Aumento
33,2023-04-01,369,27,342.25,1369,Apartamento,4,4000,SP,4,342,Aumento
33,2023-05-01,394,25,352.6,1763,Apartamento,5,2000,SP,5,369,Aumento
34,2023-01-01,291,-13,291.0,291,Comércio,5,2000,RS,1,304,Diminuição
34,2023-01-31,305,14,298.0,596,Apartamento,4,4000,MG,2,291,Aumento
34,2023-03-02,288,-17,294.67,884,Comércio,3,6000,MG,3,305,Diminuição
34,2023-04-01,309,21,298.25,1193,Comércio,1,3000,PR,4,288,Aumento
34,2023-05-01,302,-7,299.0,1495,Apartamento,2,2000,SP,5,309,Diminuição
35,2023-01-01,287,-16,287.0,287,Casa,3,7000,RS,1,303,Diminuição
35,2023-01-31,269,-18,278.0,556,Comércio,3,6000,MG,2,287,Diminuição
35,2023-03-02,250,-19,268.67,806,Casa,4,2000,RS,3,269,Diminuição
35,2023-04-01,234,-16,260.0,1040,Apartamento,3,4000,SP,4,250,Diminuição
35,2023-05-01,228,-6,253.6,1268,Apartamento,5,7000,SP,5,234,Diminuição
36,2023-01-01,384,7,384.0,384,Casa,5,4000,RS,1,377,Aumento
36,2023-01-31,386,2,385.0,770,Apartamento,1,7000,RJ,2,384,Aumento
36,2023-03-02,411,25,393.67,1181,Comércio,5,5000,RS,3,386,Aumento
36,2023-04-01,393,-18,393.5,1574,Apartamento,1,6000,MG,4,411,Diminuição
36,2023-05-01,374,-19,389.6,1948,Comércio,4,3000,MG,5,393,Diminuição
37,2023-01-01,308,-7,308.0,308,Comércio,4,5000,RS,1,315,Diminuição
37,2023-01-31,327,19,317.5,635,Casa,5,6000,RS,2,308,Aumento
37,2023-03-02,327,0,320.67,962,Comércio,5,6000,SP,3,327,Diminuição
37,2023-04-01,312,-15,318.5,1274,Casa,4,4000,PR,4,327,Diminuição
37,2023-05-01,339,27,322.6,1613,Apartamento,5,3000,SP,5,312,Aumento
38,2023-01-01,239,24,239.0,239,Apartamento,5,3000,PR,1,215,Aumento
38,2023-01-31,232,-7,235.5,471,Casa,5,4000,BA,2,239,Diminuição
38,2023-03-02,260,28,243.67,731,Comércio,2,6000,MG,3,232,Aumento
38,2023-04-01,265,5,249.0,996,Casa,1,6000,BA,4,260,Aumento
38,2023-05-01,293,28,257.8,1289,Comércio,4,4000,PR,5,265,Aumento
39,2023-01-01,223,-20,223.0,223,Casa,5,2000,BA,1,243,Diminuição
39,2023-01-31,212,-11,217.5,435,Comércio,5,5000,RS,2,223,Diminuição
39,2023-03-02,200,-12,211.67,635,Comércio,4,7000,BA,3,212,Diminuição
39,2023-04-01,200,0,208.75,835,Casa,5,6000,MG,4,200,Diminuição
39,2023-05-01,222,22,211.4,1057,Comércio,3,3000,PR,5,200,Aumento
40,2023-01-01,300,17,300.0,300,Comércio,3,7000,PR,1,283,Aumento
40,2023-01-31,316,16,308.0,616,Apartamento,1,2000,PR,2,300,Aumento
40,2023-03-02,336,20,317.33,952,Apartamento,2,4000,RS,3,316,Aumento
40,2023-04-01,338,2,322.5,1290,Apartamento,5,7000,PR,4,336,Aumento
40,2023-05-01,366,28,331.2,1656,Comércio,3,2000,RJ,5,338,Aumento
41,2023-01-01,347,-9,347.0,347,Apartamento,2,2000,RJ,1,356,Diminuição
41,2023-01-31,366,19,356.5,713,Casa,2,7000,MG,2,347,Aumento
41,2023-03-02,349,-17,354.0,1062,Casa,3,6000,RJ,3,366,Diminuição
41,2023-04-01,331,-18,348.25,1393,Casa,2,3000,MG,4,349,Diminuição
41,2023-05-01,358,27,350.2,1751,Casa,5,7000,BA,5,331,Aumento
42,2023-01-01,279,27,279.0,279,Casa,2,7000,RS,1,252,Aumento
42,2023-01-31,283,4,281.0,562,Casa,1,4000,RS,2,279,Aumento
42,2023-03-02,270,-13,277.33,832,Casa,4,2000,RJ,3,283,Diminuição
42,2023-04-01,271,1,275.75,1103,Apartamento,4,7000,BA,4,270,Aumento
42,2023-05-01,283,12,277.2,1386,Casa,4,6000,PR,5,271,Aumento
43,2023-01-01,359,17,359.0,359,Apartamento,1,6000,SP,1,342,Aumento
43,2023-01-31,339,-20,349.0,698,Comércio,3,3000,BA,2,359,Diminuição
43,2023-03-02,355,16,351.0,1053,Comércio,2,5000,SP,3,339,Aumento
43,2023-04-01,356,1,352.25,1409,Comércio,4,5000,PR,4,355,Aumento
43,2023-05-01,336,-20,349.0,1745,Apartamento,2,7000,PR,5,356,Diminuição
44,2023-01-01,323,14,323.0,323,Comércio,4,4000,RS,1,309,Aumento
44,2023-01-31,342,19,332.5,665,Casa,3,4000,PR,2,323,Aumento
44,2023-03-02,361,19,342.0,1026,Comércio,4,4000,RJ,3,342,Aumento
44,2023-04-01,372,11,349.5,1398,Comércio,5,3000,SP,4,361,Aumento
44,2023-05-01,365,-7,352.6,1763,Casa,1,7000,RJ,5,372,Diminuição
45,2023-01-01,256,30,256.0,256,Casa,4,6000,MG,1,226,Aumento
45,2023-01-31,279,23,267.5,535,Apartamento,4,5000,SP,2,256,Aumento
45,2023-03-02,284,5,273.0,819,Apartamento,2,6000,PR,3,279,Aumento
45,2023-04-01,284,0,275.75,1103,Comércio,1,3000,PR,4,284,Diminuição
45,2023-05-01,302,18,281.0,1405,Apartamento,1,5000,MG,5,284,Aumento
46,2023-01-01,274,13,274.0,274,Comércio,4,7000,SP,1,261,Aumento
46,2023-01-31,258,-16,266.0,532,Apartamento,4,7000,RJ,2,274,Diminuição
46,2023-03-02,278,20,270.0,810,Comércio,1,3000,BA,3,258,Aumento
46,2023-04-01,297,19,276.75,1107,Apartamento,3,2000,MG,4,278,Aumento
46,2023-05-01,326,29,286.6,1433,Comércio,3,4000,RS,5,297,Aumento
47,2023-01-01,265,12,265.0,265,Casa,3,5000,MG,1,253,Aumento
47,2023-01-31,271,6,268.0,536,Apartamento,3,5000,PR,2,265,Aumento
47,2023-03-02,252,-19,262.67,788,Comércio,3,2000,RJ,3,271,Diminuição
47,2023-04-01,270,18,264.5,1058,Casa,5,4000,RS,4,252,Aumento
47,2023-05-01,298,28,271.2,1356,Casa,3,5000,MG,5,270,Aumento
48,2023-01-01,326,-7,326.0,326,Apartamento,4,7000,RS,1,333,Diminuição
48,2023-01-31,310,-16,318.0,636,Casa,1,3000,SP,2,326,Diminuição
48,2023-03-02,329,19,321.67,965,Casa,1,5000,RS,3,310,Aumento
48,2023-04-01,341,12,326.5,1306,Casa,5,5000,PR,4,329,Aumento
48,2023-05-01,338,-3,328.8,1644,Casa,4,2000,MG,5,341,Diminuição
49,2023-01-01,296,-19,296.0,296,Comércio,4,2000,RJ,1,315,Diminuição
49,2023-01-31,289,-7,292.5,585,Comércio,1,6000,PR,2,296,Diminuição
49,2023-03-02,282,-7,289.0,867,Comércio,2,7000,MG,3,289,Diminuição
49,2023-04-01,276,-6,285.75,1143,Comércio,3,2000,PR,4,282,Diminuição
49,2023-05-01,285,9,285.6,1428,Apartamento,3,2000,BA,5,276,Aumento
50,2023-01-01,361,22,361.0,361,Comércio,3,4000,PR,1,339,Aumento
50,2023-01-31,350,-11,355.5,711,Apartamento,3,7000,SP,2,361,Diminuição
50,2023-03-02,371,21,360.67,1082,Apartamento,5,4000,RS,3,350,Aumento
50,2023-04-01,394,23,369.0,1476,Casa,3,3000,RS,4,371,Aumento
50,2023-05-01,396,2,374.4,1872,Comércio,1,2000,SP,5,394,Aumento
51,2023-01-01,307,-3,307.0,307,Apartamento,1,2000,BA,1,310,Diminuição
51,2023-01-31,301,-6,304.0,608,Apartamento,3,6000,PR,2,307,Diminuição
51,2023-03-02,309,8,305.67,917,Comércio,1,6000,RS,3,301,Aumento
51,2023-04-01,301,-8,304.5,1218,Comércio,2,2000,MG,4,309,Diminuição
51,2023-05-01,295,-6,302.6,1513,Comércio,3,4000,RJ,5,301,Diminuição
52,2023-01-01,291,17,291.0,291,Casa,5,7000,MG,1,274,Aumento
52,2023-01-31,314,23,302.5,605,Apartamento,2,2000,RJ,2,291,Aumento
52,2023-03-02,305,-9,303.33,910,Comércio,4,6000,SP,3,314,Diminuição
52,2023-04-01,296,-9,301.5,1206,Casa,5,5000,SP,4,305,Diminuição
52,2023-05-01,322,26,305.6,1528,Apartamento,4,2000,BA,5,296,Aumento
53,2023-01-01,250,28,250.0,250,Comércio,3,4000,MG,1,222,Aumento
53,2023-01-31,270,20,260.0,520,Apartamento,5,5000,RJ,2,250,Aumento
53,2023-03-02,298,28,272.67,818,Casa,1,5000,RJ,3,270,Aumento
53,2023-04-01,306,8,281.0,1124,Comércio,5,5000,RS,4,298,Aumento
53,2023-05-01,323,17,289.4,1447,Casa,4,4000,MG,5,306,Aumento
54,2023-01-01,266,20,266.0,266,Apartamento,2,6000,BA,1,246,Aumento
54,2023-01-31,279,13,272.5,545,Apartamento,2,6000,BA,2,266,Aumento
54,2023-03-02,305,26,283.33,850,Casa,5,2000,RJ,3,279,Aumento
54,2023-04-01,288,-17,284.5,1138,Apartamento,5,3000,RS,4,305,Diminuição
54,2023-05-01,282,-6,284.0,1420,Comércio,1,7000,RS,5,288,Diminuição
55,2023-01-01,227,-19,227.0,227,Comércio,2,3000,SP,1,246,Diminuição
55,2023-01-31,246,19,236.5,473,Apartamento,4,2000,MG,2,227,Aumento
55,2023-03-02,227,-19,233.33,700,Comércio,2,4000,SP,3,246,Diminuição
55,2023-04-01,243,16,235.75,943,Comércio,2,7000,MG,4,227,Aumento
55,2023-05-01,256,13,239.8,1199,Comércio,3,7000,PR,5,243,Aumento
56,2023-01-01,251,0,251.0,251,Comércio,4,2000,PR,1,251,Diminuição
56,2023-01-31,257,6,254.0,508,Casa,5,6000,BA,2,251,Aumento
56,2023-03-02,275,18,261.0,783,Comércio,4,6000,RS,3,257,Aumento
56,2023-04-01,293,18,269.0,1076,Comércio,2,5000,SP,4,275,Aumento
56,2023-05-01,305,12,276.2,1381,Casa,1,3000,SP,5,293,Aumento
57,2023-01-01,411,15,411.0,411,Apartamento,4,3000,PR,1,396,Aumento
57,2023-01-31,402,-9,406.5,813,Comércio,3,6000,SP,2,411,Diminuição
57,2023-03-02,418,16,410.33,1231,Apartamento,4,5000,SP,3,402,Aumento
57,2023-04-01,429,11,415.0,1660,Apartamento,4,7000,PR,4,418,Aumento
57,2023-05-01,416,-13,415.2,2076,Comércio,2,2000,RJ,5,429,Diminuição
58,2023-01-01,326,-9,326.0,326,Comércio,5,5000,SP,1,335,Diminuição
58,2023-01-31,343,17,334.5,669,Casa,2,7000,PR,2,326,Aumento
58,2023-03-02,365,22,344.67,1034,Casa,1,7000,RJ,3,343,Aumento
58,2023-04-01,365,0,349.75,1399,Casa,5,2000,BA,4,365,Diminuição
58,2023-05-01,392,27,358.2,1791,Casa,5,6000,MG,5,365,Aumento
59,2023-01-01,322,26,322.0,322,Casa,3,7000,MG,1,296,Aumento
59,2023-01-31,340,18,331.0,662,Comércio,5,5000,SP,2,322,Aumento
59,2023-03-02,353,13,338.33,1015,Comércio,1,3000,BA,3,340,Aumento
59,2023-04-01,349,-4,341.0,1364,Comércio,3,5000,MG,4,353,Diminuição
59,2023-05-01,351,2,343.0,1715,Casa,4,3000,SP,5,349,Aumento
60,2023-01-01,346,-16,346.0,346,Comércio,3,7000,PR,1,362,Diminuição
60,2023-01-31,328,-18,337.0,674,Apartamento,5,4000,BA,2,346,Diminuição
60,2023-03-02,353,25,342.33,1027,Apartamento,5,7000,BA,3,328,Aumento
60,2023-04-01,363,10,347.5,1390,Apartamento,3,6000,RS,4,353,Aumento
60,2023-05-01,374,11,352.8,1764,Comércio,1,2000,RJ,5,363,Aumento
61,2023-01-01,226,15,226.0,226,Comércio,4,4000,BA,1,211,Aumento
61,2023-01-31,213,-13,219.5,439,Comércio,4,2000,RS,2,226,Diminuição
61,2023-03-02,212,-1,217.0,651,Comércio,3,6000,SP,3,213,Diminuição
61,2023-04-01,200,-12,212.75,851,Casa,4,3000,RJ,4,212,Diminuição
61,2023-05-01,210,10,212.2,1061,Apartamento,5,2000,SP,5,200,Aumento
62,2023-01-01,318,27,318.0,318,Casa,1,2000,RJ,1,291,Aumento
62,2023-01-31,306,-12,312.0,624,Apartamento,4,5000,BA,2,318,Diminuição
62,2023-03-02,323,17,315.67,947,Casa,5,7000,BA,3,306,Aumento
62,2023-04-01,334,11,320.25,1281,Casa,2,4000,BA,4,323,Aumento
62,2023-05-01,349,15,326.0,1630,Casa,3,5000,RJ,5,334,Aumento
63,2023-01-01,407,16,407.0,407,Apartamento,2,7000,RJ,1,391,Aumento
63,2023-01-31,397,-10,402.0,804,Apartamento,4,3000,PR,2,407,Diminuição
63,2023-03-02,407,10,403.67,1211,Comércio,5,6000,RS,3,397,Aumento
63,2023-04-01,411,4,405.5,1622,Casa,2,2000,PR,4,407,Aumento
63,2023-05-01,416,5,407.6,2038,Comércio,4,3000,PR,5,411,Aumento
64,2023-01-01,247,17,247.0,247,Casa,2,7000,RJ,1,230,Aumento
64,2023-01-31,237,-10,242.0,484,Casa,4,2000,RJ,2,247,Diminuição
64,2023-03-02,254,17,246.0,738,Apartamento,5,4000,MG,3,237,Aumento
64,2023-04-01,282,28,255.0,1020,Casa,1,7000,MG,4,254,Aumento
64,2023-05-01,307,25,265.4,1327,Comércio,3,6000,RS,5,282,Aumento
65,2023-01-01,426,29,426.0,426,Casa,5,6000,BA,1,397,Aumento
65,2023-01-31,421,-5,423.5,847,Comércio,3,5000,RS,2,426,Diminuição
65,2023-03-02,441,20,429.33,1288,Casa,1,2000,RJ,3,421,Aumento
65,2023-04-01,456,15,436.0,1744,Casa,5,5000,RS,4,441,Aumento
65,2023-05-01,438,-18,436.4,2182,Comércio,2,7000,BA,5,456,Diminuição
66,2023-01-01,265,-7,265.0,265,Comércio,3,6000,RJ,1,272,Diminuição
66,2023-01-31,277,12,271.0,542,Casa,2,2000,RJ,2,265,Aumento
66,2023-03-02,275,-2,272.33,817,Comércio,2,4000,SP,3,277,Diminuição
66,2023-04-01,297,22,278.5,1114,Casa,2,7000,RJ,4,275,Aumento
66,2023-05-01,312,15,285.2,1426,Casa,5,6000,RS,5,297,Aumento
67,2023-01-01,201,0,201.0,201,Casa,5,4000,RJ,1,201,Diminuição
67,2023-01-31,200,-1,200.5,401,Apartamento,1,6000,BA,2,201,Diminuição
67,2023-03-02,200,0,200.33,601,Comércio,3,6000,RS,3,200,Diminuição
67,2023-04-01,225,25,206.5,826,Apartamento,2,4000,MG,4,200,Aumento
67,2023-05-01,239,14,213.0,1065,Casa,3,4000,RS,5,225,Aumento
68,2023-01-01,295,9,295.0,295,Apartamento,4,2000,PR,1,286,Aumento
68,2023-01-31,288,-7,291.5,583,Casa,1,2000,BA,2,295,Diminuição
68,2023-03-02,271,-17,284.67,854,Casa,2,7000,RS,3,288,Diminuição
68,2023-04-01,259,-12,278.25,1113,Casa,2,6000,SP,4,271,Diminuição
68,2023-05-01,253,-6,273.2,1366,Apartamento,2,3000,RS,5,259,Diminuição
69,2023-01-01,202,2,202.0,202,Apartamento,2,7000,SP,1,200,Aumento
69,2023-01-31,217,15,209.5,419,Apartamento,5,2000,RS,2,202,Aumento
69,2023-03-02,236,19,218.33,655,Comércio,2,3000,RS,3,217,Aumento
69,2023-04-01,223,-13,219.5,878,Comércio,4,7000,RJ,4,236,Diminuição
69,2023-05-01,249,26,225.4,1127,Casa,3,2000,RS,5,223,Aumento
70,2023-01-01,404,4,404.0,404,Apartamento,5,5000,RS,1,400,Aumento
70,2023-01-31,430,26,417.0,834,Comércio,3,5000,BA,2,404,Aumento
70,2023-03-02,415,-15,416.33,1249,Comércio,2,4000,SP,3,430,Diminuição
70,2023-04-01,437,22,421.5,1686,Apartamento,5,5000,RS,4,415,Aumento
70,2023-05-01,463,26,429.8,2149,Apartamento,5,5000,RS,5,437,Aumento
71,2023-01-01,201,0,201.0,201,Apartamento,2,4000,MG,1,201,Diminuição
71,2023-01-31,213,12,207.0,414,Casa,5,7000,BA,2,201,Aumento
71,2023-03-02,211,-2,208.33,625,Apartamento,2,7000,SP,3,213,Diminuição
71,2023-04-01,207,-4,208.0,832,Casa,4,6000,BA,4,211,Diminuição
71,2023-05-01,230,23,212.4,1062,Comércio,3,6000,RJ,5,207,Aumento
72,2023-01-01,242,-3,242.0,242,Casa,3,2000,RJ,1,245,Diminuição
72,2023-01-31,247,5,244.5,489,Casa,4,6000,RS,2,242,Aumento
72,2023-03-02,246,-1,245.0,735,Comércio,4,5000,BA,3,247,Diminuição
72,2023-04-01,272,26,251.75,1007,Apartamento,2,4000,PR,4,246,Aumento
72,2023-05-01,299,27,261.2,1306,Comércio,1,3000,RS,5,272,Aumento
73,2023-01-01,400,27,400.0,400,Casa,4,4000,PR,1,373,Aumento
73,2023-01-31,381,-19,390.5,781,Apartamento,5,7000,SP,2,400,Diminuição
73,2023-03-02,386,5,389.0,1167,Casa,5,7000,SP,3,381,Aumento
73,2023-04-01,370,-16,384.25,1537,Casa,1,6000,RS,4,386,Diminuição
73,2023-05-01,369,-1,381.2,1906,Comércio,5,3000,RJ,5,370,Diminuição
74,2023-01-01,296,14,296.0,296,Casa,1,6000,BA,1,282,Aumento
74,2023-01-31,317,21,306.5,613,Apartamento,4,4000,PR,2,296,Aumento
74,2023-03-02,310,-7,307.67,923,Casa,3,6000,BA,3,317,Diminuição
74,2023-04-01,328,18,312.75,1251,Comércio,2,4000,BA,4,310,Aumento
74,2023-05-01,311,-17,312.4,1562,Comércio,2,6000,RS,5,328,Diminuição
75,2023-01-01,237,-13,237.0,237,Comércio,3,2000,RJ,1,250,Diminuição
75,2023-01-31,230,-7,233.5,467,Comércio,3,4000,RS,2,237,Diminuição
75,2023-03-02,217,-13,228.0,684,Casa,4,2000,BA,3,230,Diminuição
75,2023-04-01,237,20,230.25,921,Comércio,5,7000,BA,4,217,Aumento
75,2023-05-01,238,1,231.8,1159,Comércio,2,2000,SP,5,237,Aumento
76,2023-01-01,305,-19,305.0,305,Comércio,1,5000,BA,1,324,Diminuição
76,2023-01-31,309,4,307.0,614,Apartamento,4,7000,RS,2,305,Aumento
76,2023-03-02,325,16,313.0,939,Casa,4,7000,PR,3,309,Aumento
76,2023-04-01,344,19,320.75,1283,Comércio,2,2000,BA,4,325,Aumento
76,2023-05-01,363,19,329.2,1646,Comércio,3,6000,PR,5,344,Aumento
77,2023-01-01,262,-1,262.0,262,Comércio,2,7000,RJ,1,263,Diminuição
77,2023-01-31,257,-5,259.5,519,Comércio,3,3000,PR,2,262,Diminuição
77,2023-03-02,256,-1,258.33,775,Apartamento,5,6000,RS,3,257,Diminuição
77,2023-04-01,281,25,264.0,1056,Comércio,2,4000,RJ,4,256,Aumento
77,2023-05-01,300,19,271.2,1356,Casa,3,5000,MG,5,281,Aumento
78,2023-01-01,327,-7,327.0,327,Casa,1,5000,RS,1,334,Diminuição
78,2023-01-31,319,-8,323.0,646,Casa,5,5000,PR,2,327,Diminuição
78,2023-03-02,336,17,327.33,982,Apartamento,3,7000,PR,3,319,Aumento
78,2023-04-01,344,8,331.5,1326,Comércio,5,2000,RS,4,336,Aumento
78,2023-05-01,366,22,338.4,1692,Comércio,2,4000,PR,5,344,Aumento
79,2023-01-01,247,-8,247.0,247,Apartamento,1,7000,RJ,1,255,Diminuição
79,2023-01-31,252,5,249.5,499,Comércio,4,3000,MG,2,247,Aumento
79,2023-03-02,261,9,253.33,760,Comércio,3,3000,SP,3,252,Aumento
79,2023-04-01,245,-16,251.25,1005,Casa,2,4000,BA,4,261,Diminuição
79,2023-05-01,272,27,255.4,1277,Apartamento,5,2000,SP,5,245,Aumento
80,2023-01-01,353,11,353.0,353,Comércio,5,5000,RS,1,342,Aumento
80,2023-01-31,376,23,364.5,729,Apartamento,4,4000,SP,2,353,Aumento
80,2023-03-02,363,-13,364.0,1092,Comércio,4,2000,RS,3,376,Diminuição
80,2023-04-01,352,-11,361.0,1444,Comércio,4,7000,SP,4,363,Diminuição
80,2023-05-01,378,26,364.4,1822,Comércio,2,7000,BA,5,352,Aumento
81,2023-01-01,207,5,207.0,207,Casa,5,2000,RJ,1,202,Aumento
81,2023-01-31,203,-4,205.0,410,Comércio,4,3000,SP,2,207,Diminuição
81,2023-03-02,200,-3,203.33,610,Apartamento,1,3000,SP,3,203,Diminuição
81,2023-04-01,200,0,202.5,810,Casa,5,2000,MG,4,200,Diminuição
81,2023-05-01,200,0,202.0,1010,Comércio,1,3000,SP,5,200,Diminuição
82,2023-01-01,374,2,374.0,374,Apartamento,1,6000,BA,1,372,Aumento
82,2023-01-31,360,-14,367.0,734,Casa,5,7000,RJ,2,374,Diminuição
82,2023-03-02,341,-19,358.33,1075,Casa,1,7000,RS,3,360,Diminuição
82,2023-04-01,347,6,355.5,1422,Casa,1,5000,RS,4,341,Aumento
82,2023-05-01,353,6,355.0,1775,Apartamento,4,2000,RJ,5,347,Aumento
83,2023-01-01,267,-16,267.0,267,Comércio,5,6000,BA,1,283,Diminuição
83,2023-01-31,258,-9,262.5,525,Apartamento,4,5000,MG,2,267,Diminuição
83,2023-03-02,275,17,266.67,800,Apartamento,3,4000,RS,3,258,Aumento
83,2023-04-01,261,-14,265.25,1061,Casa,5,2000,PR,4,275,Diminuição
83,2023-05-01,274,13,267.0,1335,Casa,3,5000,BA,5,261,Aumento
84,2023-01-01,274,-13,274.0,274,Apartamento,1,2000,RS,1,287,Diminuição
84,2023-01-31,262,-12,268.0,536,Casa,3,7000,BA,2,274,Diminuição
84,2023-03-02,285,23,273.67,821,Apartamento,5,2000,SP,3,262,Aumento
84,2023-04-01,280,-5,275.25,1101,Comércio,5,4000,MG,4,285,Diminuição
84,2023-05-01,270,-10,274.2,1371,Casa,4,5000,PR,5,280,Diminuição
85,2023-01-01,344,-1,344.0,344,Casa,2,2000,PR,1,345,Diminuição
85,2023-01-31,324,-20,334.0,668,Casa,5,3000,RS,2,344,Diminuição
85,2023-03-02,308,-16,325.33,976,Apartamento,2,3000,RJ,3,324,Diminuição
85,2023-04-01,289,-19,316.25,1265,Apartamento,3,4000,RS,4,308,Diminuição
85,2023-05-01,304,15,313.8,1569,Apartamento,5,2000,SP,5,289,Aumento
86,2023-01-01,283,-1,283.0,283,Apartamento,4,5000,RJ,1,284,Diminuição
86,2023-01-31,304,21,293.5,587,Apartamento,2,3000,SP,2,283,Aumento
86,2023-03-02,289,-15,292.0,876,Apartamento,1,3000,SP,3,304,Diminuição
86,2023-04-01,290,1,291.5,1166,Comércio,5,3000,BA,4,289,Aumento
86,2023-05-01,302,12,293.6,1468,Comércio,3,2000,BA,5,290,Aumento
87,2023-01-01,369,25,369.0,369,Apartamento,5,2000,BA,1,344,Aumento
87,2023-01-31,350,-19,359.5,719,Comércio,2,3000,BA,2,369,Diminuição
87,2023-03-02,333,-17,350.67,1052,Apartamento,5,4000,RS,3,350,Diminuição
87,2023-04-01,358,25,352.5,1410,Apartamento,2,4000,RJ,4,333,Aumento
87,2023-05-01,346,-12,351.2,1756,Casa,3,2000,MG,5,358,Diminuição
88,2023-01-01,280,3,280.0,280,Apartamento,2,6000,BA,1,277,Aumento
88,2023-01-31,274,-6,277.0,554,Casa,2,2000,BA,2,280,Diminuição
88,2023-03-02,288,14,280.67,842,Apartamento,2,5000,MG,3,274,Aumento
88,2023-04-01,304,16,286.5,1146,Comércio,3,6000,PR,4,288,Aumento
88,2023-05-01,293,-11,287.8,1439,Casa,3,6000,RJ,5,304,Diminuição
89,2023-01-01,372,-17,372.0,372,Casa,4,3000,BA,1,389,Diminuição
89,2023-01-31,377,5,374.5,749,Casa,5,4000,BA,2,372,Aumento
89,2023-03-02,381,4,376.67,1130,Apartamento,4,4000,BA,3,377,Aumento
89,2023-04-01,385,4,378.75,1515,Apartamento,2,3000,MG,4,381,Aumento
89,2023-05-01,375,-10,378.0,1890,Casa,1,4000,RJ,5,385,Diminuição
90,2023-01-01,200,-8,200.0,200,Comércio,4,3000,PR,1,208,Diminuição
90,2023-01-31,208,8,204.0,408,Apartamento,4,6000,MG,2,200,Aumento
90,2023-03-02,213,5,207.0,621,Casa,2,5000,PR,3,208,Aumento
90,2023-04-01,211,-2,208.0,832,Apartamento,1,7000,PR,4,213,Diminuição
90,2023-05-01,224,13,211.2,1056,Comércio,4,5000,MG,5,211,Aumento
91,2023-01-01,422,22,422.0,422,Apartamento,4,2000,RJ,1,400,Aumento
91,2023-01-31,411,-11,416.5,833,Apartamento,5,3000,MG,2,422,Diminuição
91,2023-03-02,406,-5,413.0,1239,Casa,3,7000,PR,3,411,Diminuição
91,2023-04-01,403,-3,410.5,1642,Apartamento,5,6000,RS,4,406,Diminuição
91,2023-05-01,416,13,411.6,2058,Comércio,2,7000,RS,5,403,Aumento
92,2023-01-01,357,1,357.0,357,Apartamento,3,6000,SP,1,356,Aumento
92,2023-01-31,386,29,371.5,743,Apartamento,2,4000,PR,2,357,Aumento
92,2023-03-02,368,-18,370.33,1111,Apartamento,4,4000,PR,3,386,Diminuição
92,2023-04-01,393,25,376.0,1504,Comércio,1,2000,SP,4,368,Aumento
92,2023-05-01,423,30,385.4,1927,Casa,2,3000,PR,5,393,Aumento
93,2023-01-01,279,-19,279.0,279,Casa,1,5000,BA,1,298,Diminuição
93,2023-01-31,306,27,292.5,585,Apartamento,3,6000,MG,2,279,Aumento
93,2023-03-02,293,-13,292.67,878,Apartamento,3,5000,PR,3,306,Diminuição
93,2023-04-01,307,14,296.25,1185,Casa,3,6000,RS,4,293,Aumento
93,2023-05-01,315,8,300.0,1500,Casa,5,3000,MG,5,307,Aumento
94,2023-01-01,402,2,402.0,402,Comércio,5,4000,BA,1,400,Aumento
94,2023-01-31,396,-6,399.0,798,Apartamento,2,7000,MG,2,402,Diminuição
94,2023-03-02,422,26,406.67,1220,Comércio,1,3000,SP,3,396,Aumento
94,2023-04-01,431,9,412.75,1651,Casa,5,7000,SP,4,422,Aumento
94,2023-05-01,444,13,419.0,2095,Casa,4,6000,MG,5,431,Aumento
95,2023-01-01,326,29,326.0,326,Comércio,4,6000,RJ,1,297,Aumento
95,2023-01-31,356,30,341.0,682,Comércio,5,4000,RS,2,326,Aumento
95,2023-03-02,357,1,346.33,1039,Apartamento,5,2000,MG,3,356,Aumento
95,2023-04-01,353,-4,348.0,1392,Casa,4,6000,MG,4,357,Diminuição
95,2023-05-01,338,-15,346.0,1730,Comércio,3,3000,BA,5,353,Diminuição
96,2023-01-01,276,8,276.0,276,Comércio,1,5000,PR,1,268,Aumento
96,2023-01-31,284,8,280.0,560,Comércio,4,3000,RJ,2,276,Aumento
96,2023-03-02,301,17,287.0,861,Casa,4,4000,RJ,3,284,Aumento
96,2023-04-01,328,27,297.25,1189,Apartamento,4,7000,RJ,4,301,Aumento
96,2023-05-01,318,-10,301.4,1507,Apartamento,1,4000,PR,5,328,Diminuição
97,2023-01-01,333,28,333.0,333,Apartamento,2,6000,BA,1,305,Aumento
97,2023-01-31,326,-7,329.5,659,Apartamento,1,4000,RJ,2,333,Diminuição
97,2023-03-02,353,27,337.33,1012,Comércio,1,5000,BA,3,326,Aumento
97,2023-04-01,372,19,346.0,1384,Casa,1,6000,MG,4,353,Aumento
97,2023-05-01,366,-6,350.0,1750,Comércio,5,4000,MG,5,372,Diminuição
98,2023-01-01,291,-5,291.0,291,Casa,1,4000,BA,1,296,Diminuição
98,2023-01-31,280,-11,285.5,571,Casa,5,4000,PR,2,291,Diminuição
98,2023-03-02,264,-16,278.33,835,Apartamento,3,2000,SP,3,280,Diminuição
98,2023-04-01,256,-8,272.75,1091,Comércio,5,7000,BA,4,264,Diminuição
98,2023-05-01,275,19,273.2,1366,Apartamento,5,7000,BA,5,256,Aumento
99,2023-01-01,284,21,284.0,284,Casa,2,4000,MG,1,263,Aumento
99,2023-01-31,272,-12,278.0,556,Comércio,4,3000,PR,2,284,Diminuição
99,2023-03-02,252,-20,269.33,808,Casa,4,4000,BA,3,272,Diminuição
99,2023-04-01,275,23,270.75,1083,Apartamento,5,4000,RS,4,252,Aumento
99,2023-05-01,304,29,277.4,1387,Apartamento,1,4000,PR,5,275,Aumento
100,2023-01-01,317,18,317.0,317,Comércio,1,5000,SP,1,299,Aumento
100,2023-01-31,339,22,328.0,656,Casa,5,2000,MG,2,317,Aumento
100,2023-03-02,328,-11,328.0,984,Casa,5,2000,SP,3,339,Diminuição
100,2023-04-01,331,3,328.75,1315,Comércio,1,5000,MG,4,328,Aumento
100,2023-05-01,340,9,331.0,1655,Comércio,5,3000,RS,5,331,Aumento
101,2023-01-01,389,16,389.0,389,Casa,4,2000,SP,1,373,Aumento
101,2023-01-31,376,-13,382.5,765,Casa,5,5000,RJ,2,389,Diminuição
101,2023-03-02,380,4,381.67,1145,Comércio,5,4000,MG,3,376,Aumento
101,2023-04-01,376,-4,380.25,1521,Casa,1,6000,SP,4,380,Diminuição
101,2023-05-01,366,-10,377.4,1887,Comércio,4,2000,RJ,5,376,Diminuição
102,2023-01-01,252,20,252.0,252,Casa,3,2000,BA,1,232,Aumento
102,2023-01-31,270,18,261.0,522,Apartamento,3,4000,PR,2,252,Aumento
102,2023-03-02,260,-10,260.67,782,Casa,2,7000,SP,3,270,Diminuição
102,2023-04-01,262,2,261.0,1044,Casa,3,4000,RS,4,260,Aumento
102,2023-05-01,245,-17,257.8,1289,Apartamento,4,3000,RS,5,262,Diminuição
103,2023-01-01,403,13,403.0,403,Apartamento,2,6000,SP,1,390,Aumento
103,2023-01-31,393,-10,398.0,796,Apartamento,3,6000,RS,2,403,Diminuição
103,2023-03-02,376,-17,390.67,1172,Apartamento,1,3000,SP,3,393,Diminuição
103,2023-04-01,392,16,391.0,1564,Comércio,5,6000,RJ,4,376,Aumento
103,2023-05-01,422,30,397.2,1986,Casa,1,7000,SP,5,392,Aumento
104,2023-01-01,319,26,319.0,319,Apartamento,5,4000,BA,1,293,Aumento
104,2023-01-31,309,-10,314.0,628,Casa,2,4000,RJ,2,319,Diminuição
104,2023-03-02,326,17,318.0,954,Casa,4,5000,BA,3,309,Aumento
104,2023-04-01,344,18,324.5,1298,Apartamento,4,7000,MG,4,326,Aumento
104,2023-05-01,361,17,331.8,1659,Comércio,2,6000,RS,5,344,Aumento
105,2023-01-01,390,7,390.0,390,Comércio,4,6000,RJ,1,383,Aumento
105,2023-01-31,420,30,405.0,810,Apartamento,1,4000,BA,2,390,Aumento
105,2023-03-02,406,-14,405.33,1216,Comércio,1,3000,PR,3,420,Diminuição
105,2023-04-01,415,9,407.75,1631,Casa,5,2000,PR,4,406,Aumento
105,2023-05-01,414,-1,409.0,2045,Casa,1,6000,MG,5,415,Diminuição
106,2023-01-01,303,-17,303.0,303,Comércio,4,3000,RJ,1,320,Diminuição
106,2023-01-31,290,-13,296.5,593,Comércio,3,7000,BA,2,303,Diminuição
106,2023-03-02,292,2,295.0,885,Casa,4,6000,PR,3,290,Aumento
106,2023-04-01,308,16,298.25,1193,Comércio,1,2000,MG,4,292,Aumento
106,2023-05-01,333,25,305.2,1526,Casa,5,5000,MG,5,308,Aumento
107,2023-01-01,221,-13,221.0,221,Apartamento,5,4000,BA,1,234,Diminuição
107,2023-01-31,227,6,224.0,448,Apartamento,5,2000,SP,2,221,Aumento
107,2023-03-02,218,-9,222.0,666,Comércio,1,5000,PR,3,227,Diminuição
107,2023-04-01,231,13,224.25,897,Apartamento,4,3000,PR,4,218,Aumento
107,2023-05-01,252,21,229.8,1149,Apartamento,3,5000,BA,5,231,Aumento
108,2023-01-01,231,-4,231.0,231,Comércio,5,7000,BA,1,235,Diminuição
108,2023-01-31,257,26,244.0,488,Apartamento,1,6000,PR,2,231,Aumento
108,2023-03-02,256,-1,248.0,744,Casa,4,3000,RJ,3,257,Diminuição
108,2023-04-01,253,-3,249.25,997,Apartamento,1,5000,MG,4,256,Diminuição
108,2023-05-01,250,-3,249.4,1247,Casa,1,5000,PR,5,253,Diminuição
109,2023-01-01,364,-9,364.0,364,Casa,2,5000,PR,1,373,Diminuição
109,2023-01-31,390,26,377.0,754,Casa,4,5000,SP,2,364,Aumento
109,2023-03-02,408,18,387.33,1162,Casa,5,7000,PR,3,390,Aumento
109,2023-04-01,438,30,400.0,1600,Comércio,1,3000,BA,4,408,Aumento
109,2023-05-01,431,-7,406.2,2031,Comércio,3,6000,BA,5,438,Diminuição
110,2023-01-01,403,19,403.0,403,Apartamento,1,5000,RJ,1,384,Aumento
110,2023-01-31,389,-14,396.0,792,Comércio,4,6000,MG,2,403,Diminuição
110,2023-03-02,411,22,401.0,1203,Apartamento,3,2000,SP,3,389,Aumento
110,2023-04-01,395,-16,399.5,1598,Comércio,3,4000,MG,4,411,Diminuição
110,2023-05-01,394,-1,398.4,1992,Apartamento,1,4000,SP,5,395,Diminuição
111,2023-01-01,374,-7,374.0,374,Casa,4,2000,PR,1,381,Diminuição
111,2023-01-31,367,-7,370.5,741,Comércio,2,7000,BA,2,374,Diminuição
111,2023-03-02,362,-5,367.67,1103,Casa,2,6000,PR,3,367,Diminuição
111,2023-04-01,365,3,367.0,1468,Comércio,5,4000,RJ,4,362,Aumento
111,2023-05-01,348,-17,363.2,1816,Apartamento,3,5000,RJ,5,365,Diminuição
112,2023-01-01,357,13,357.0,357,Comércio,3,7000,PR,1,344,Aumento
112,2023-01-31,358,1,357.5,715,Casa,4,2000,MG,2,357,Aumento
112,2023-03-02,354,-4,356.33,1069,Casa,1,6000,SP,3,358,Diminuição
112,2023-04-01,373,19,360.5,1442,Comércio,1,3000,RJ,4,354,Aumento
112,2023-05-01,401,28,368.6,1843,Casa,5,7000,RS,5,373,Aumento
113,2023-01-01,230,-15,230.0,230,Comércio,4,2000,MG,1,245,Diminuição
113,2023-01-31,235,5,232.5,465,Casa,1,5000,BA,2,230,Aumento
113,2023-03-02,240,5,235.0,705,Casa,5,7000,RJ,3,235,Aumento
113,2023-04-01,229,-11,233.5,934,Casa,3,5000,BA,4,240,Diminuição
113,2023-05-01,240,11,234.8,1174,Comércio,4,2000,RJ,5,229,Aumento
114,2023-01-01,263,0,263.0,263,Comércio,5,5000,SP,1,263,Diminuição
114,2023-01-31,273,10,268.0,536,Casa,5,7000,MG,2,263,Aumento
114,2023-03-02,288,15,274.67,824,Casa,4,2000,PR,3,273,Aumento
114,2023-04-01,283,-5,276.75,1107,Comércio,4,5000,PR,4,288,Diminuição
114,2023-05-01,280,-3,277.4,1387,Casa,5,2000,BA,5,283,Diminuição
115,2023-01-01,359,10,359.0,359,Casa,4,5000,BA,1,349,Aumento
115,2023-01-31,339,-20,349.0,698,Comércio,3,6000,MG,2,359,Diminuição
115,2023-03-02,362,23,353.33,1060,Comércio,4,7000,PR,3,339,Aumento
115,2023-04-01,385,23,361.25,1445,Casa,2,6000,PR,4,362,Aumento
115,2023-05-01,372,-13,363.4,1817,Casa,2,7000,MG,5,385,Diminuição
116,2023-01-01,251,-10,251.0,251,Comércio,1,6000,RS,1,261,Diminuição
116,2023-01-31,254,3,252.5,505,Apartamento,1,5000,MG,2,251,Aumento
116,2023-03-02,279,25,261.33,784,Comércio,5,7000,SP,3,254,Aumento
116,2023-04-01,283,4,266.75,1067,Apartamento,5,6000,RS,4,279,Aumento
116,2023-05-01,306,23,274.6,1373,Casa,5,3000,RS,5,283,Aumento
117,2023-01-01,242,-6,242.0,242,Apartamento,4,2000,RS,1,248,Diminuição
117,2023-01-31,224,-18,233.0,466,Apartamento,1,3000,PR,2,242,Diminuição
117,2023-03-02,237,13,234.33,703,Apartamento,3,7000,SP,3,224,Aumento
117,2023-04-01,253,16,239.0,956,Casa,1,3000,RS,4,237,Aumento
117,2023-05-01,261,8,243.4,1217,Casa,5,3000,RJ,5,253,Aumento
118,2023-01-01,370,-2,370.0,370,Comércio,2,3000,RS,1,372,Diminuição
118,2023-01-31,387,17,378.5,757,Apartamento,5,5000,MG,2,370,Aumento
118,2023-03-02,396,9,384.33,1153,Comércio,2,5000,BA,3,387,Aumento
118,2023-04-01,408,12,390.25,1561,Casa,1,3000,BA,4,396,Aumento
118,2023-05-01,433,25,398.8,1994,Apartamento,2,6000,SP,5,408,Aumento
119,2023-01-01,364,16,364.0,364,Apartamento,5,3000,RS,1,348,Aumento
119,2023-01-31,348,-16,356.0,712,Casa,1,5000,RS,2,364,Diminuição
119,2023-03-02,350,2,354.0,1062,Comércio,1,7000,RS,3,348,Aumento
119,2023-04-01,351,1,353.25,1413,Apartamento,2,6000,BA,4,350,Aumento
119,2023-05-01,366,15,355.8,1779,Apartamento,1,7000,MG,5,351,Aumento
120,2023-01-01,371,-16,371.0,371,Apartamento,2,3000,SP,1,387,Diminuição
120,2023-01-31,354,-17,362.5,725,Comércio,5,6000,SP,2,371,Diminuição
120,2023-03-02,374,20,366.33,1099,Apartamento,5,2000,SP,3,354,Aumento
120,2023-04-01,365,-9,366.0,1464,Apartamento,2,5000,MG,4,374,Diminuição
120,2023-05-01,354,-11,363.6,1818,Comércio,2,5000,RS,5,365,Diminuição
121,2023-01-01,289,-11,289.0,289,Comércio,2,2000,SP,1,300,Diminuição
121,2023-01-31,316,27,302.5,605,Comércio,4,2000,SP,2,289,Aumento
121,2023-03-02,331,15,312.0,936,Apartamento,3,4000,MG,3,316,Aumento
121,2023-04-01,316,-15,313.0,1252,Casa,4,4000,SP,4,331,Diminuição
121,2023-05-01,337,21,317.8,1589,Comércio,4,5000,RS,5,316,Aumento
122,2023-01-01,219,-15,219.0,219,Casa,1,5000,SP,1,234,Diminuição
122,2023-01-31,238,19,228.5,457,Casa,4,2000,BA,2,219,Aumento
122,2023-03-02,221,-17,226.0,678,Apartamento,3,7000,MG,3,238,Diminuição
122,2023-04-01,215,-6,223.25,893,Casa,5,2000,BA,4,221,Diminuição
122,2023-05-01,204,-11,219.4,1097,Casa,4,3000,RJ,5,215,Diminuição
123,2023-01-01,273,12,273.0,273,Apartamento,5,5000,MG,1,261,Aumento
123,2023-01-31,274,1,273.5,547,Casa,3,4000,SP,2,273,Aumento
123,2023-03-02,254,-20,267.0,801,Comércio,3,6000,RJ,3,274,Diminuição
123,2023-04-01,272,18,268.25,1073,Apartamento,3,2000,RS,4,254,Aumento
123,2023-05-01,281,9,270.8,1354,Apartamento,5,7000,PR,5,272,Aumento
124,2023-01-01,386,-14,386.0,386,Casa,5,3000,PR,1,400,Diminuição
124,2023-01-31,413,27,399.5,799,Casa,4,3000,RJ,2,386,Aumento
124,2023-03-02,413,0,404.0,1212,Comércio,3,5000,PR,3,413,Diminuição
124,2023-04-01,415,2,406.75,1627,Casa,2,5000,PR,4,413,Aumento
124,2023-05-01,437,22,412.8,2064,Casa,4,5000,RS,5,415,Aumento
125,2023-01-01,349,0,349.0,349,Comércio,5,7000,RJ,1,349,Diminuição
125,2023-01-31,333,-16,341.0,682,Apartamento,3,5000,RS,2,349,Diminuição
125,2023-03-02,324,-9,335.33,1006,Apartamento,2,6000,RJ,3,333,Diminuição
125,2023-04-01,352,28,339.5,1358,Apartamento,1,4000,SP,4,324,Aumento
125,2023-05-01,371,19,345.8,1729,Casa,3,5000,PR,5,352,Aumento
126,2023-01-01,315,9,315.0,315,Casa,1,3000,SP,1,306,Aumento
126,2023-01-31,328,13,321.5,643,Apartamento,5,7000,MG,2,315,Aumento
126,2023-03-02,345,17,329.33,988,Comércio,3,6000,BA,3,328,Aumento
126,2023-04-01,374,29,340.5,1362,Casa,5,4000,BA,4,345,Aumento
126,2023-05-01,368,-6,346.0,1730,Casa,2,3000,MG,5,374,Diminuição
127,2023-01-01,379,13,379.0,379,Apartamento,2,3000,BA,1,366,Aumento
127,2023-01-31,398,19,388.5,777,Comércio,1,5000,MG,2,379,Aumento
127,2023-03-02,400,2,392.33,1177,Comércio,2,3000,MG,3,398,Aumento
127,2023-04-01,404,4,395.25,1581,Casa,2,5000,SP,4,400,Aumento
127,2023-05-01,431,27,402.4,2012,Casa,1,4000,SP,5,404,Aumento
128,2023-01-01,375,26,375.0,375,Apartamento,2,5000,SP,1,349,Aumento
128,2023-01-31,399,24,387.0,774,Comércio,3,3000,SP,2,375,Aumento
128,2023-03-02,408,9,394.0,1182,Comércio,1,4000,SP,3,399,Aumento
128,2023-04-01,435,27,404.25,1617,Casa,5,6000,PR,4,408,Aumento
128,2023-05-01,460,25,415.4,2077,Comércio,1,7000,RS,5,435,Aumento
129,2023-01-01,364,28,364.0,364,Casa,5,7000,BA,1,336,Aumento
129,2023-01-31,366,2,365.0,730,Casa,3,4000,BA,2,364,Aumento
129,2023-03-02,378,12,369.33,1108,Apartamento,1,2000,RJ,3,366,Aumento
129,2023-04-01,383,5,372.75,1491,Casa,3,6000,BA,4,378,Aumento
129,2023-05-01,377,-6,373.6,1868,Apartamento,3,4000,BA,5,383,Diminuição
130,2023-01-01,225,-8,225.0,225,Casa,5,5000,MG,1,233,Diminuição
130,2023-01-31,233,8,229.0,458,Apartamento,1,7000,PR,2,225,Aumento
130,2023-03-02,251,18,236.33,709,Casa,2,6000,RJ,3,233,Aumento
130,2023-04-01,247,-4,239.0,956,Apartamento,5,2000,RS,4,251,Diminuição
130,2023-05-01,254,7,242.0,1210,Casa,4,4000,RS,5,247,Aumento
131,2023-01-01,422,28,422.0,422,Comércio,2,6000,RJ,1,394,Aumento
131,2023-01-31,402,-20,412.0,824,Comércio,4,5000,RS,2,422,Diminuição
131,2023-03-02,428,26,417.33,1252,Apartamento,2,4000,SP,3,402,Aumento
131,2023-04-01,438,10,422.5,1690,Comércio,4,6000,PR,4,428,Aumento
131,2023-05-01,455,17,429.0,2145,Comércio,1,7000,PR,5,438,Aumento
132,2023-01-01,244,-5,244.0,244,Comércio,2,6000,SP,1,249,Diminuição
132,2023-01-31,267,23,255.5,511,Apartamento,4,6000,MG,2,244,Aumento
132,2023-03-02,282,15,264.33,793,Comércio,1,5000,PR,3,267,Aumento
132,2023-04-01,267,-15,265.0,1060,Casa,2,6000,MG,4,282,Diminuição
132,2023-05-01,253,-14,262.6,1313,Comércio,5,3000,BA,5,267,Diminuição
133,2023-01-01,402,27,402.0,402,Comércio,5,6000,RJ,1,375,Aumento
133,2023-01-31,429,27,415.5,831,Apartamento,5,3000,SP,2,402,Aumento
133,2023-03-02,427,-2,419.33,1258,Apartamento,3,7000,RJ,3,429,Diminuição
133,2023-04-01,444,17,425.5,1702,Casa,1,7000,SP,4,427,Aumento
133,2023-05-01,455,11,431.4,2157,Comércio,4,2000,PR,5,444,Aumento
134,2023-01-01,395,20,395.0,395,Comércio,2,7000,RJ,1,375,Aumento
134,2023-01-31,395,0,395.0,790,Casa,1,2000,BA,2,395,Diminuição
134,2023-03-02,421,26,403.67,1211,Casa,1,6000,MG,3,395,Aumento
134,2023-04-01,425,4,409.0,1636,Apartamento,4,4000,RJ,4,421,Aumento
134,2023-05-01,432,7,413.6,2068,Comércio,4,4000,SP,5,425,Aumento
135,2023-01-01,317,-4,317.0,317,Comércio,3,2000,BA,1,321,Diminuição
135,2023-01-31,305,-12,311.0,622,Casa,3,7000,RJ,2,317,Diminuição
135,2023-03-02,322,17,314.67,944,Apartamento,4,7000,RJ,3,305,Aumento
135,2023-04-01,338,16,320.5,1282,Casa,2,5000,SP,4,322,Aumento
135,2023-05-01,356,18,327.6,1638,Casa,4,6000,PR,5,338,Aumento
136,2023-01-01,428,29,428.0,428,Comércio,1,4000,PR,1,399,Aumento
136,2023-01-31,434,6,431.0,862,Apartamento,5,5000,BA,2,428,Aumento
136,2023-03-02,461,27,441.0,1323,Apartamento,5,4000,MG,3,434,Aumento
136,2023-04-01,470,9,448.25,1793,Apartamento,3,2000,RJ,4,461,Aumento
136,2023-05-01,461,-9,450.8,2254,Apartamento,3,3000,BA,5,470,Diminuição
137,2023-01-01,316,24,316.0,316,Casa,5,2000,MG,1,292,Aumento
137,2023-01-31,342,26,329.0,658,Comércio,5,6000,MG,2,316,Aumento
137,2023-03-02,340,-2,332.67,998,Casa,3,6000,RS,3,342,Diminuição
137,2023-04-01,343,3,335.25,1341,Comércio,2,6000,BA,4,340,Aumento
137,2023-05-01,328,-15,333.8,1669,Casa,4,4000,RS,5,343,Diminuição
138,2023-01-01,364,-15,364.0,364,Apartamento,3,3000,SP,1,379,Diminuição
138,2023-01-31,394,30,379.0,758,Comércio,3,6000,RJ,2,364,Aumento
138,2023-03-02,381,-13,379.67,1139,Comércio,1,7000,PR,3,394,Diminuição
138,2023-04-01,372,-9,377.75,1511,Comércio,2,4000,RS,4,381,Diminuição
138,2023-05-01,370,-2,376.2,1881,Casa,4,7000,RJ,5,372,Diminuição
139,2023-01-01,406,15,406.0,406,Casa,1,4000,RJ,1,391,Aumento
139,2023-01-31,424,18,415.0,830,Apartamento,3,2000,BA,2,406,Aumento
139,2023-03-02,413,-11,414.33,1243,Apartamento,2,5000,SP,3,424,Diminuição
139,2023-04-01,437,24,420.0,1680,Apartamento,5,5000,RJ,4,413,Aumento
139,2023-05-01,450,13,426.0,2130,Comércio,5,7000,RS,5,437,Aumento
140,2023-01-01,342,15,342.0,342,Casa,4,4000,RS,1,327,Aumento
140,2023-01-31,366,24,354.0,708,Apartamento,4,3000,MG,2,342,Aumento
140,2023-03-02,386,20,364.67,1094,Comércio,4,2000,RJ,3,366,Aumento
140,2023-04-01,378,-8,368.0,1472,Comércio,5,6000,SP,4,386,Diminuição
140,2023-05-01,396,18,373.6,1868,Comércio,1,5000,PR,5,378,Aumento
141,2023-01-01,216,1,216.0,216,Casa,1,5000,RS,1,215,Aumento
141,2023-01-31,238,22,227.0,454,Apartamento,5,7000,PR,2,216,Aumento
141,2023-03-02,220,-18,224.67,674,Casa,5,3000,PR,3,238,Diminuição
141,2023-04-01,204,-16,219.5,878,Comércio,2,7000,RS,4,220,Diminuição
141,2023-05-01,200,-4,215.6,1078,Apartamento,4,5000,RJ,5,204,Diminuição
142,2023-01-01,370,10,370.0,370,Casa,5,3000,RS,1,360,Aumento
142,2023-01-31,379,9,374.5,749,Comércio,5,5000,RJ,2,370,Aumento
142,2023-03-02,378,-1,375.67,1127,Casa,1,2000,MG,3,379,Diminuição
142,2023-04-01,382,4,377.25,1509,Apartamento,4,6000,RJ,4,378,Aumento
142,2023-05-01,399,17,381.6,1908,Casa,3,3000,SP,5,382,Aumento
143,2023-01-01,308,20,308.0,308,Apartamento,5,5000,RS,1,288,Aumento
143,2023-01-31,337,29,322.5,645,Casa,1,2000,MG,2,308,Aumento
143,2023-03-02,360,23,335.0,1005,Casa,4,4000,MG,3,337,Aumento
143,2023-04-01,368,8,343.25,1373,Casa,2,5000,SP,4,360,Aumento
143,2023-05-01,392,24,353.0,1765,Apartamento,1,5000,RJ,5,368,Aumento
144,2023-01-01,212,-10,212.0,212,Casa,2,3000,SP,1,222,Diminuição
144,2023-01-31,214,2,213.0,426,Casa,5,3000,RS,2,212,Aumento
144,2023-03-02,229,15,218.33,655,Casa,3,4000,BA,3,214,Aumento
144,2023-04-01,224,-5,219.75,879,Casa,2,7000,BA,4,229,Diminuição
144,2023-05-01,242,18,224.2,1121,Apartamento,5,3000,PR,5,224,Aumento
145,2023-01-01,344,-10,344.0,344,Comércio,2,6000,MG,1,354,Diminuição
145,2023-01-31,338,-6,341.0,682,Apartamento,4,3000,RS,2,344,Diminuição
145,2023-03-02,329,-9,337.0,1011,Apartamento,2,7000,RJ,3,338,Diminuição
145,2023-04-01,314,-15,331.25,1325,Casa,1,2000,RS,4,329,Diminuição
145,2023-05-01,336,22,332.2,1661,Comércio,2,6000,RS,5,314,Aumento
146,2023-01-01,249,-19,249.0,249,Casa,5,3000,PR,1,268,Diminuição
146,2023-01-31,258,9,253.5,507,Comércio,2,3000,BA,2,249,Aumento
146,2023-03-02,247,-11,251.33,754,Casa,3,4000,SP,3,258,Diminuição
146,2023-04-01,272,25,256.5,1026,Casa,4,6000,MG,4,247,Aumento
146,2023-05-01,285,13,262.2,1311,Casa,1,7000,MG,5,272,Aumento
147,2023-01-01,267,-8,267.0,267,Casa,3,7000,PR,1,275,Diminuição
147,2023-01-31,256,-11,261.5,523,Comércio,2,4000,RS,2,267,Diminuição
147,2023-03-02,254,-2,259.0,777,Comércio,5,6000,MG,3,256,Diminuição
147,2023-04-01,235,-19,253.0,1012,Comércio,4,5000,RJ,4,254,Diminuição
147,2023-05-01,231,-4,248.6,1243,Casa,4,7000,RJ,5,235,Diminuição
148,2023-01-01,299,22,299.0,299,Casa,4,4000,BA,1,277,Aumento
148,2023-01-31,286,-13,292.5,585,Comércio,2,6000,BA,2,299,Diminuição
148,2023-03-02,266,-20,283.67,851,Casa,4,2000,SP,3,286,Diminuição
148,2023-04-01,278,12,282.25,1129,Apartamento,1,4000,RS,4,266,Aumento
148,2023-05-01,276,-2,281.0,1405,Casa,3,4000,SP,5,278,Diminuição
149,2023-01-01,277,9,277.0,277,Casa,3,7000,MG,1,268,Aumento
149,2023-01-31,297,20,287.0,574,Casa,2,2000,RJ,2,277,Aumento
149,2023-03-02,321,24,298.33,895,Comércio,4,3000,PR,3,297,Aumento
149,2023-04-01,316,-5,302.75,1211,Casa,4,3000,RS,4,321,Diminuição
149,2023-05-01,317,1,305.6,1528,Casa,1,6000,PR,5,316,Aumento
150,2023-01-01,241,2,241.0,241,Apartamento,2,2000,SP,1,239,Aumento
150,2023-01-31,264,23,252.5,505,Apartamento,5,6000,PR,2,241,Aumento
150,2023-03-02,272,8,259.0,777,Apartamento,5,5000,RS,3,264,Aumento
150,2023-04-01,291,19,267.0,1068,Apartamento,1,7000,MG,4,272,Aumento
150,2023-05-01,320,29,277.6,1388,Comércio,2,3000,SP,5,291,Aumento
151,2023-01-01,390,16,390.0,390,Apartamento,5,2000,BA,1,374,Aumento
151,2023-01-31,403,13,396.5,793,Casa,1,7000,PR,2,390,Aumento
151,2023-03-02,417,14,403.33,1210,Comércio,3,2000,RS,3,403,Aumento
151,2023-04-01,433,16,410.75,1643,Comércio,5,6000,RJ,4,417,Aumento
151,2023-05-01,447,14,418.0,2090,Apartamento,3,4000,BA,5,433,Aumento
152,2023-01-01,383,4,383.0,383,Casa,2,7000,PR,1,379,Aumento
152,2023-01-31,373,-10,378.0,756,Casa,4,2000,BA,2,383,Diminuição
152,2023-03-02,370,-3,375.33,1126,Comércio,2,3000,RJ,3,373,Diminuição
152,2023-04-01,351,-19,369.25,1477,Apartamento,3,7000,MG,4,370,Diminuição
152,2023-05-01,378,27,371.0,1855,Casa,3,7000,RJ,5,351,Aumento
153,2023-01-01,222,-2,222.0,222,Comércio,2,2000,SP,1,224,Diminuição
153,2023-01-31,230,8,226.0,452,Casa,2,6000,RS,2,222,Aumento
153,2023-03-02,220,-10,224.0,672,Casa,3,3000,MG,3,230,Diminuição
153,2023-04-01,247,27,229.75,919,Comércio,3,7000,BA,4,220,Aumento
153,2023-05-01,239,-8,231.6,1158,Comércio,3,7000,MG,5,247,Diminuição
154,2023-01-01,323,7,323.0,323,Casa,1,2000,PR,1,316,Aumento
154,2023-01-31,326,3,324.5,649,Casa,3,7000,MG,2,323,Aumento
154,2023-03-02,326,0,325.0,975,Apartamento,1,2000,PR,3,326,Diminuição
154,2023-04-01,349,23,331.0,1324,Casa,4,4000,BA,4,326,Aumento
154,2023-05-01,347,-2,334.2,1671,Apartamento,5,6000,SP,5,349,Diminuição
155,2023-01-01,262,-15,262.0,262,Casa,2,3000,SP,1,277,Diminuição
155,2023-01-31,279,17,270.5,541,Comércio,2,7000,SP,2,262,Aumento
155,2023-03-02,295,16,278.67,836,Casa,5,3000,SP,3,279,Aumento
155,2023-04-01,281,-14,279.25,1117,Comércio,2,7000,PR,4,295,Diminuição
155,2023-05-01,264,-17,276.2,1381,Casa,2,5000,SP,5,281,Diminuição
156,2023-01-01,250,21,250.0,250,Apartamento,4,3000,PR,1,229,Aumento
156,2023-01-31,261,11,255.5,511,Comércio,3,5000,RJ,2,250,Aumento
156,2023-03-02,284,23,265.0,795,Comércio,2,4000,RJ,3,261,Aumento
156,2023-04-01,266,-18,265.25,1061,Comércio,3,6000,RJ,4,284,Diminuição
156,2023-05-01,288,22,269.8,1349,Comércio,1,3000,MG,5,266,Aumento
157,2023-01-01,230,-20,230.0,230,Apartamento,5,4000,PR,1,250,Diminuição
157,2023-01-31,239,9,234.5,469,Apartamento,1,6000,MG,2,230,Aumento
157,2023-03-02,247,8,238.67,716,Casa,2,2000,SP,3,239,Aumento
157,2023-04-01,266,19,245.5,982,Comércio,5,5000,RJ,4,247,Aumento
157,2023-05-01,284,18,253.2,1266,Apartamento,3,5000,RS,5,266,Aumento
158,2023-01-01,346,-19,346.0,346,Comércio,2,4000,SP,1,365,Diminuição
158,2023-01-31,365,19,355.5,711,Comércio,2,7000,BA,2,346,Aumento
158,2023-03-02,361,-4,357.33,1072,Comércio,2,3000,BA,3,365,Diminuição
158,2023-04-01,387,26,364.75,1459,Casa,4,2000,PR,4,361,Aumento
158,2023-05-01,406,19,373.0,1865,Casa,3,3000,BA,5,387,Aumento
159,2023-01-01,247,5,247.0,247,Casa,5,3000,PR,1,242,Aumento
159,2023-01-31,268,21,257.5,515,Apartamento,5,4000,RS,2,247,Aumento
159,2023-03-02,291,23,268.67,806,Casa,1,7000,RJ,3,268,Aumento
159,2023-04-01,286,-5,273.0,1092,Comércio,3,5000,PR,4,291,Diminuição
159,2023-05-01,295,9,277.4,1387,Casa,1,3000,SP,5,286,Aumento
160,2023-01-01,268,20,268.0,268,Comércio,4,5000,PR,1,248,Aumento
160,2023-01-31,268,0,268.0,536,Comércio,3,5000,PR,2,268,Diminuição
160,2023-03-02,292,24,276.0,828,Casa,1,7000,RJ,3,268,Aumento
160,2023-04-01,280,-12,277.0,1108,Casa,3,3000,MG,4,292,Diminuição
160,2023-05-01,296,16,280.8,1404,Apartamento,2,6000,PR,5,280,Aumento
161,2023-01-01,331,8,331.0,331,Comércio,2,7000,RJ,1,323,Aumento
161,2023-01-31,338,7,334.5,669,Casa,2,6000,MG,2,331,Aumento
161,2023-03-02,365,27,344.67,1034,Casa,4,4000,MG,3,338,Aumento
161,2023-04-01,358,-7,348.0,1392,Comércio,5,3000,MG,4,365,Diminuição
161,2023-05-01,345,-13,347.4,1737,Apartamento,1,5000,RS,5,358,Diminuição
162,2023-01-01,360,28,360.0,360,Apartamento,1,3000,MG,1,332,Aumento
162,2023-01-31,349,-11,354.5,709,Comércio,3,2000,MG,2,360,Diminuição
162,2023-03-02,368,19,359.0,1077,Comércio,1,4000,BA,3,349,Aumento
162,2023-04-01,350,-18,356.75,1427,Casa,2,7000,RJ,4,368,Diminuição
162,2023-05-01,341,-9,353.6,1768,Comércio,1,4000,PR,5,350,Diminuição
163,2023-01-01,208,-20,208.0,208,Comércio,5,4000,SP,1,228,Diminuição
163,2023-01-31,217,9,212.5,425,Casa,2,7000,SP,2,208,Aumento
163,2023-03-02,244,27,223.0,669,Casa,3,4000,SP,3,217,Aumento
163,2023-04-01,239,-5,227.0,908,Casa,4,6000,RJ,4,244,Diminuição
163,2023-05-01,235,-4,228.6,1143,Apartamento,3,5000,SP,5,239,Diminuição
164,2023-01-01,246,-6,246.0,246,Apartamento,4,7000,MG,1,252,Diminuição
164,2023-01-31,255,9,250.5,501,Casa,1,2000,PR,2,246,Aumento
164,2023-03-02,284,29,261.67,785,Casa,2,5000,SP,3,255,Aumento
164,2023-04-01,283,-1,267.0,1068,Comércio,4,7000,SP,4,284,Diminuição
164,2023-05-01,291,8,271.8,1359,Apartamento,1,6000,SP,5,283,Aumento
165,2023-01-01,255,20,255.0,255,Apartamento,2,5000,MG,1,235,Aumento
165,2023-01-31,274,19,264.5,529,Comércio,2,7000,PR,2,255,Aumento
165,2023-03-02,304,30,277.67,833,Apartamento,4,3000,PR,3,274,Aumento
165,2023-04-01,296,-8,282.25,1129,Apartamento,1,6000,PR,4,304,Diminuição
165,2023-05-01,311,15,288.0,1440,Casa,3,5000,SP,5,296,Aumento
166,2023-01-01,245,-5,245.0,245,Comércio,2,2000,RJ,1,250,Diminuição
166,2023-01-31,266,21,255.5,511,Apartamento,5,3000,BA,2,245,Aumento
166,2023-03-02,275,9,262.0,786,Casa,3,5000,MG,3,266,Aumento
166,2023-04-01,279,4,266.25,1065,Apartamento,2,2000,BA,4,275,Aumento
166,2023-05-01,308,29,274.6,1373,Apartamento,2,5000,RJ,5,279,Aumento
167,2023-01-01,250,24,250.0,250,Comércio,2,3000,RJ,1,226,Aumento
167,2023-01-31,231,-19,240.5,481,Casa,3,6000,RJ,2,250,Diminuição
167,2023-03-02,253,22,244.67,734,Apartamento,4,3000,PR,3,231,Aumento
167,2023-04-01,237,-16,242.75,971,Apartamento,1,4000,BA,4,253,Diminuição
167,2023-05-01,230,-7,240.2,1201,Comércio,3,3000,RS,5,237,Diminuição
168,2023-01-01,366,30,366.0,366,Comércio,4,5000,BA,1,336,Aumento
168,2023-01-31,358,-8,362.0,724,Casa,3,4000,PR,2,366,Diminuição
168,2023-03-02,352,-6,358.67,1076,Casa,1,3000,RJ,3,358,Diminuição
168,2023-04-01,355,3,357.75,1431,Comércio,1,3000,RJ,4,352,Aumento
168,2023-05-01,347,-8,355.6,1778,Comércio,1,5000,MG,5,355,Diminuição
169,2023-01-01,365,-19,365.0,365,Casa,4,6000,SP,1,384,Diminuição
169,2023-01-31,372,7,368.5,737,Apartamento,4,2000,SP,2,365,Aumento
169,2023-03-02,392,20,376.33,1129,Comércio,4,3000,RS,3,372,Aumento
169,2023-04-01,390,-2,379.75,1519,Comércio,3,3000,RS,4,392,Diminuição
169,2023-05-01,396,6,383.0,1915,Comércio,5,6000,MG,5,390,Aumento
170,2023-01-01,259,15,259.0,259,Comércio,5,3000,RJ,1,244,Aumento
170,2023-01-31,271,12,265.0,530,Apartamento,2,4000,RS,2,259,Aumento
170,2023-03-02,285,14,271.67,815,Apartamento,1,5000,RJ,3,271,Aumento
170,2023-04-01,302,17,279.25,1117,Comércio,2,7000,SP,4,285,Aumento
170,2023-05-01,289,-13,281.2,1406,Comércio,4,2000,SP,5,302,Diminuição
171,2023-01-01,229,-7,229.0,229,Casa,4,4000,RS,1,236,Diminuição
171,2023-01-31,218,-11,223.5,447,Casa,5,3000,MG,2,229,Diminuição
171,2023-03-02,213,-5,220.0,660,Apartamento,2,6000,RS,3,218,Diminuição
171,2023-04-01,205,-8,216.25,865,Casa,4,5000,BA,4,213,Diminuição
171,2023-05-01,222,17,217.4,1087,Apartamento,4,2000,BA,5,205,Aumento
172,2023-01-01,382,25,382.0,382,Casa,3,5000,BA,1,357,Aumento
172,2023-01-31,392,10,387.0,774,Comércio,5,6000,BA,2,382,Aumento
172,2023-03-02,408,16,394.0,1182,Casa,3,7000,PR,3,392,Aumento
172,2023-04-01,406,-2,397.0,1588,Comércio,5,7000,RJ,4,408,Diminuição
172,2023-05-01,407,1,399.0,1995,Apartamento,5,5000,RJ,5,406,Aumento
173,2023-01-01,215,-16,215.0,215,Casa,4,7000,RS,1,231,Diminuição
173,2023-01-31,245,30,230.0,460,Apartamento,1,2000,RJ,2,215,Aumento
173,2023-03-02,239,-6,233.0,699,Casa,4,4000,PR,3,245,Diminuição
173,2023-04-01,266,27,241.25,965,Casa,2,2000,MG,4,239,Aumento
173,2023-05-01,271,5,247.2,1236,Casa,2,5000,MG,5,266,Aumento
174,2023-01-01,222,11,222.0,222,Casa,1,5000,RJ,1,211,Aumento
174,2023-01-31,216,-6,219.0,438,Comércio,4,6000,BA,2,222,Diminuição
174,2023-03-02,241,25,226.33,679,Apartamento,2,2000,RS,3,216,Aumento
174,2023-04-01,243,2,230.5,922,Casa,5,2000,RS,4,241,Aumento
174,2023-05-01,224,-19,229.2,1146,Casa,2,6000,MG,5,243,Diminuição
175,2023-01-01,428,28,428.0,428,Comércio,1,6000,RS,1,400,Aumento
175,2023-01-31,418,-10,423.0,846,Comércio,4,4000,BA,2,428,Diminuição
175,2023-03-02,411,-7,419.0,1257,Apartamento,5,4000,RJ,3,418,Diminuição
175,2023-04-01,433,22,422.5,1690,Casa,1,7000,RJ,4,411,Aumento
175,2023-05-01,421,-12,422.2,2111,Comércio,4,5000,PR,5,433,Diminuição
176,2023-01-01,212,-4,212.0,212,Apartamento,5,7000,RJ,1,216,Diminuição
176,2023-01-31,205,-7,208.5,417,Comércio,2,5000,SP,2,212,Diminuição
176,2023-03-02,220,15,212.33,637,Comércio,2,5000,BA,3,205,Aumento
176,2023-04-01,202,-18,209.75,839,Apartamento,2,5000,BA,4,220,Diminuição
176,2023-05-01,229,27,213.6,1068,Casa,5,3000,RJ,5,202,Aumento
177,2023-01-01,273,9,273.0,273,Casa,1,5000,RJ,1,264,Aumento
177,2023-01-31,297,24,285.0,570,Comércio,3,3000,RS,2,273,Aumento
177,2023-03-02,318,21,296.0,888,Comércio,3,6000,RJ,3,297,Aumento
177,2023-04-01,345,27,308.25,1233,Comércio,1,7000,RS,4,318,Aumento
177,2023-05-01,327,-18,312.0,1560,Casa,1,7000,SP,5,345,Diminuição
178,2023-01-01,216,-10,216.0,216,Apartamento,4,6000,BA,1,226,Diminuição
178,2023-01-31,200,-16,208.0,416,Comércio,5,7000,BA,2,216,Diminuição
178,2023-03-02,200,0,205.33,616,Apartamento,5,6000,RS,3,200,Diminuição
178,2023-04-01,200,0,204.0,816,Comércio,4,3000,SP,4,200,Diminuição
178,2023-05-01,211,11,205.4,1027,Comércio,5,4000,RJ,5,200,Aumento
179,2023-01-01,266,-4,266.0,266,Apartamento,2,7000,RS,1,270,Diminuição
179,2023-01-31,252,-14,259.0,518,Casa,3,6000,MG,2,266,Diminuição
179,2023-03-02,237,-15,251.67,755,Casa,1,7000,BA,3,252,Diminuição
179,2023-04-01,241,4,249.0,996,Comércio,5,3000,MG,4,237,Aumento
179,2023-05-01,222,-19,243.6,1218,Comércio,1,4000,RS,5,241,Diminuição
180,2023-01-01,272,-7,272.0,272,Casa,1,4000,RS,1,279,Diminuição
180,2023-01-31,287,15,279.5,559,Comércio,1,7000,RS,2,272,Aumento
180,2023-03-02,300,13,286.33,859,Apartamento,2,7000,RS,3,287,Aumento
180,2023-04-01,312,12,292.75,1171,Comércio,3,3000,RS,4,300,Aumento
180,2023-05-01,329,17,300.0,1500,Apartamento,5,3000,BA,5,312,Aumento
181,2023-01-01,200,-9,200.0,200,Casa,4,4000,RJ,1,209,Diminuição
181,2023-01-31,209,9,204.5,409,Comércio,2,4000,BA,2,200,Aumento
181,2023-03-02,222,13,210.33,631,Casa,1,5000,BA,3,209,Aumento
181,2023-04-01,231,9,215.5,862,Apartamento,3,3000,RS,4,222,Aumento
181,2023-05-01,258,27,224.0,1120,Comércio,2,3000,BA,5,231,Aumento
182,2023-01-01,245,-9,245.0,245,Comércio,5,7000,MG,1,254,Diminuição
182,2023-01-31,226,-19,235.5,471,Casa,5,5000,SP,2,245,Diminuição
182,2023-03-02,242,16,237.67,713,Apartamento,5,7000,RS,3,226,Aumento
182,2023-04-01,226,-16,234.75,939,Comércio,3,5000,RJ,4,242,Diminuição
182,2023-05-01,241,15,236.0,1180,Apartamento,5,7000,PR,5,226,Aumento
183,2023-01-01,386,-10,386.0,386,Apartamento,3,5000,RS,1,396,Diminuição
183,2023-01-31,372,-14,379.0,758,Casa,2,4000,RJ,2,386,Diminuição
183,2023-03-02,383,11,380.33,1141,Apartamento,4,3000,SP,3,372,Aumento
183,2023-04-01,405,22,386.5,1546,Comércio,4,4000,PR,4,383,Aumento
183,2023-05-01,426,21,394.4,1972,Apartamento,3,6000,PR,5,405,Aumento
184,2023-01-01,271,9,271.0,271,Casa,4,3000,SP,1,262,Aumento
184,2023-01-31,256,-15,263.5,527,Comércio,3,4000,BA,2,271,Diminuição
184,2023-03-02,282,26,269.67,809,Apartamento,3,7000,RS,3,256,Aumento
184,2023-04-01,287,5,274.0,1096,Comércio,2,7000,RJ,4,282,Aumento
184,2023-05-01,317,30,282.6,1413,Apartamento,5,6000,MG,5,287,Aumento
185,2023-01-01,359,26,359.0,359,Casa,2,3000,RS,1,333,Aumento
185,2023-01-31,365,6,362.0,724,Comércio,4,2000,BA,2,359,Aumento
185,2023-03-02,359,-6,361.0,1083,Comércio,3,5000,BA,3,365,Diminuição
185,2023-04-01,382,23,366.25,1465,Casa,5,7000,SP,4,359,Aumento
185,2023-05-01,364,-18,365.8,1829,Comércio,3,4000,RJ,5,382,Diminuição
186,2023-01-01,329,-10,329.0,329,Casa,1,4000,RJ,1,339,Diminuição
186,2023-01-31,320,-9,324.5,649,Comércio,1,4000,PR,2,329,Diminuição
186,2023-03-02,348,28,332.33,997,Casa,2,4000,PR,3,320,Aumento
186,2023-04-01,368,20,341.25,1365,Comércio,5,6000,MG,4,348,Aumento
186,2023-05-01,358,-10,344.6,1723,Comércio,1,3000,PR,5,368,Diminuição
187,2023-01-01,347,-9,347.0,347,Apartamento,5,2000,SP,1,356,Diminuição
187,2023-01-31,335,-12,341.0,682,Casa,2,6000,RJ,2,347,Diminuição
187,2023-03-02,331,-4,337.67,1013,Comércio,3,2000,SP,3,335,Diminuição
187,2023-04-01,323,-8,334.0,1336,Apartamento,1,7000,MG,4,331,Diminuição
187,2023-05-01,344,21,336.0,1680,Casa,3,6000,BA,5,323,Aumento
188,2023-01-01,312,-5,312.0,312,Apartamento,1,4000,MG,1,317,Diminuição
188,2023-01-31,330,18,321.0,642,Apartamento,3,2000,PR,2,312,Aumento
188,2023-03-02,324,-6,322.0,966,Comércio,4,7000,SP,3,330,Diminuição
188,2023-04-01,352,28,329.5,1318,Apartamento,2,7000,RJ,4,324,Aumento
188,2023-05-01,343,-9,332.2,1661,Comércio,1,3000,SP,5,352,Diminuição
189,2023-01-01,257,-3,257.0,257,Casa,5,5000,MG,1,260,Diminuição
189,2023-01-31,280,23,268.5,537,Casa,5,2000,RS,2,257,Aumento
189,2023-03-02,280,0,272.33,817,Comércio,2,5000,RJ,3,280,Diminuição
189,2023-04-01,306,26,280.75,1123,Comércio,3,3000,RJ,4,280,Aumento
189,2023-05-01,308,2,286.2,1431,Casa,3,4000,SP,5,306,Aumento
190,2023-01-01,200,-3,200.0,200,Comércio,2,7000,MG,1,203,Diminuição
190,2023-01-31,211,11,205.5,411,Apartamento,3,6000,SP,2,200,Aumento
190,2023-03-02,213,2,208.0,624,Comércio,5,6000,MG,3,211,Aumento
190,2023-04-01,239,26,215.75,863,Comércio,3,4000,RJ,4,213,Aumento
190,2023-05-01,268,29,226.2,1131,Casa,2,2000,RJ,5,239,Aumento
191,2023-01-01,346,15,346.0,346,Comércio,2,5000,MG,1,331,Aumento
191,2023-01-31,360,14,353.0,706,Comércio,3,7000,BA,2,346,Aumento
191,2023-03-02,342,-18,349.33,1048,Apartamento,4,2000,SP,3,360,Diminuição
191,2023-04-01,335,-7,345.75,1383,Apartamento,2,7000,SP,4,342,Diminuição
191,2023-05-01,316,-19,339.8,1699,Comércio,3,4000,RS,5,335,Diminuição
192,2023-01-01,430,30,430.0,430,Apartamento,3,6000,RS,1,400,Aumento
192,2023-01-31,459,29,444.5,889,Comércio,5,3000,RJ,2,430,Aumento
192,2023-03-02,482,23,457.0,1371,Casa,5,7000,SP,3,459,Aumento
192,2023-04-01,492,10,465.75,1863,Apartamento,4,5000,SP,4,482,Aumento
192,2023-05-01,495,3,471.6,2358,Comércio,3,7000,RJ,5,492,Aumento
193,2023-01-01,293,15,293.0,293,Comércio,4,2000,BA,1,278,Aumento
193,2023-01-31,321,28,307.0,614,Casa,5,6000,RS,2,293,Aumento
193,2023-03-02,338,17,317.33,952,Comércio,3,7000,RJ,3,321,Aumento
193,2023-04-01,364,26,329.0,1316,Apartamento,3,2000,MG,4,338,Aumento
193,2023-05-01,384,20,340.0,1700,Casa,5,3000,PR,5,364,Aumento
194,2023-01-01,358,-11,358.0,358,Apartamento,4,7000,BA,1,369,Diminuição
194,2023-01-31,361,3,359.5,719,Apartamento,1,6000,SP,2,358,Aumento
194,2023-03-02,381,20,366.67,1100,Casa,3,6000,RJ,3,361,Aumento
194,2023-04-01,365,-16,366.25,1465,Apartamento,2,6000,PR,4,381,Diminuição
194,2023-05-01,368,3,366.6,1833,Comércio,4,4000,MG,5,365,Aumento
195,2023-01-01,289,-2,289.0,289,Casa,5,2000,SP,1,291,Diminuição
195,2023-01-31,310,21,299.5,599,Casa,4,3000,MG,2,289,Aumento
195,2023-03-02,320,10,306.33,919,Comércio,4,2000,BA,3,310,Aumento
195,2023-04-01,316,-4,308.75,1235,Comércio,2,3000,SP,4,320,Diminuição
195,2023-05-01,326,10,312.2,1561,Casa,5,7000,RJ,5,316,Aumento
196,2023-01-01,234,-10,234.0,234,Comércio,3,6000,RJ,1,244,Diminuição
196,2023-01-31,233,-1,233.5,467,Apartamento,3,7000,PR,2,234,Diminuição
196,2023-03-02,247,14,238.0,714,Apartamento,1,7000,SP,3,233,Aumento
196,2023-04-01,233,-14,236.75,947,Apartamento,2,3000,RS,4,247,Diminuição
196,2023-05-01,251,18,239.6,1198,Casa,5,3000,RJ,5,233,Aumento
197,2023-01-01,338,9,338.0,338,Comércio,4,3000,MG,1,329,Aumento
197,2023-01-31,332,-6,335.0,670,Apartamento,3,7000,RJ,2,338,Diminuição
197,2023-03-02,335,3,335.0,1005,Apartamento,2,2000,RS,3,332,Aumento
197,2023-04-01,336,1,335.25,1341,Casa,1,6000,BA,4,335,Aumento
197,2023-05-01,346,10,337.4,1687,Comércio,4,5000,SP,5,336,Aumento
198,2023-01-01,412,23,412.0,412,Comércio,1,7000,BA,1,389,Aumento
198,2023-01-31,440,28,426.0,852,Comércio,5,3000,RJ,2,412,Aumento
198,2023-03-02,445,5,432.33,1297,Comércio,4,3000,PR,3,440,Aumento
198,2023-04-01,432,-13,432.25,1729,Casa,2,6000,BA,4,445,Diminuição
198,2023-05-01,425,-7,430.8,2154,Comércio,1,6000,PR,5,432,Diminuição
199,2023-01-01,243,13,243.0,243,Casa,5,5000,PR,1,230,Aumento
199,2023-01-31,267,24,255.0,510,Apartamento,1,6000,RJ,2,243,Aumento
199,2023-03-02,255,-12,255.0,765,Casa,2,7000,RS,3,267,Diminuição
199,2023-04-01,285,30,262.5,1050,Apartamento,2,5000,SP,4,255,Aumento
199,2023-05-01,309,24,271.8,1359,Casa,4,6000,RJ,5,285,Aumento
200,2023-01-01,363,-15,363.0,363,Comércio,2,2000,RS,1,378,Diminuição
200,2023-01-31,389,26,376.0,752,Comércio,4,5000,MG,2,363,Aumento
200,2023-03-02,382,-7,378.0,1134,Comércio,3,7000,SP,3,389,Diminuição
200,2023-04-01,378,-4,378.0,1512,Casa,3,6000,RJ,4,382,Diminuição
200,2023-05-01,366,-12,375.6,1878,Apartamento,1,6000,PR,5,378,Diminuição
